Well_ID	Treatment	N_source	miRNA	Pair	Dose(uM)	Time	OD_600
B2	scrambled_miRNA	mix17AA	aof159	1	2	0	0.0901
B3	plant_miRNA	mix17AA	ath5642b	1	2	0	0.0865
B4	N.A.	mix17AA	N.A.	2	N.A.	0	0.0846
B5	plant_miRNA	mix17AA	ath158a3p	2	2	0	0.0926
B6	plant_miRNA	mix17AA	ath827	3	2	0	0.0947
B7	plant_miRNA	mix17AA	aof159	3	2	0	0.095
B8	scrambled_miRNA	mix17AA	ath158a3p	4	2	0	0.0963
B9	scrambled_miRNA	mix17AA	ath827	4	2	0	0.0947
B10	scrambled_miRNA	mix17AA	ath5642b	5	2	0	0.0934
B11	plant_miRNA	mix17AA	ath158b	5	2	0	0.0951
C2	plant_miRNA	mix17AA	aof159	1	2	0	0.0876
C3	scrambled_miRNA	mix17AA	ath5642b	1	2	0	0.0945
C4	N.A.	mix17AA	N.A.	2	N.A.	0	0.0876
C5	scrambled_miRNA	mix17AA	ath158a3p	2	2	0	0.0903
C6	scrambled_miRNA	mix17AA	ath827	3	2	0	0.0936
C7	scrambled_miRNA	mix17AA	aof159	3	2	0	0.0929
C8	plant_miRNA	mix17AA	ath158a3p	4	2	0	0.0951
C9	plant_miRNA	mix17AA	ath827	4	2	0	0.0986
C10	plant_miRNA	mix17AA	ath5642b	5	2	0	0.0951
C11	scrambled_miRNA	mix17AA	ath158b	5	2	0	0.095
D2	scrambled_miRNA	mix17AA	ath158a3p	1	2	0	0.0957
D3	plant_miRNA	mix17AA	ath158b	1	2	0	0.0878
D4	scrambled_miRNA	mix17AA	ath5642b	2	2	0	0.0893
D5	plant_miRNA	mix17AA	ath827	2	2	0	0.0938
D6	N.A.	mix17AA	N.A.	3	N.A.	0	0.0903
D7	plant_miRNA	mix17AA	ath5642b	3	2	0	0.0943
D8	plant_miRNA	mix17AA	aof159	4	2	0	0.097
D9	scrambled_miRNA	mix17AA	ath158b	4	2	0	0.0935
D10	plant_miRNA	mix17AA	ath158a3p	5	2	0	0.0933
D11	N.A.	mix17AA	N.A.	5	N.A.	0	0.087
E2	plant_miRNA	mix17AA	ath158a3p	1	2	0	0.0867
E3	scrambled_miRNA	mix17AA	ath158b	1	2	0	0.088
E4	plant_miRNA	mix17AA	ath5642b	2	2	0	0.0974
E5	scrambled_miRNA	mix17AA	ath827	2	2	0	0.094
E6	N.A.	mix17AA	N.A.	3	N.A.	0	0.0926
E7	scrambled_miRNA	mix17AA	ath5642b	3	2	0	0.0953
E8	scrambled_miRNA	mix17AA	aof159	4	2	0	0.0938
E9	plant_miRNA	mix17AA	ath158b	4	2	0	0.1035
E10	scrambled_miRNA	mix17AA	ath158a3p	5	2	0	0.0947
E11	N.A.	mix17AA	N.A.	5	N.A.	0	0.0905
F2	scrambled_miRNA	mix17AA	ath827	1	2	0	0.0929
F3	N.A.	mix17AA	N.A.	1	N.A.	0	0.095
F4	plant_miRNA	mix17AA	aof159	2	2	0	0.0944
F5	scrambled_miRNA	mix17AA	ath158b	2	2	0	0.0884
F6	scrambled_miRNA	mix17AA	ath158a3p	3	2	0	0.0906
F7	plant_miRNA	mix17AA	ath158b	3	2	0	0.0893
F8	N.A.	mix17AA	N.A.	4	N.A.	0	0.1028
F9	plant_miRNA	mix17AA	ath5642b	4	2	0	0.0917
F10	scrambled_miRNA	mix17AA	aof159	5	2	0	0.0921
F11	plant_miRNA	mix17AA	ath827	5	2	0	0.0894
G2	plant_miRNA	mix17AA	ath827	1	2	0	0.0918
G3	N.A.	mix17AA	N.A.	1	N.A.	0	0.1366
G4	scrambled_miRNA	mix17AA	aof159	2	2	0	0.0921
G5	plant_miRNA	mix17AA	ath158b	2	2	0	0.0895
G6	plant_miRNA	mix17AA	ath158a3p	3	2	0	0.0894
G7	scrambled_miRNA	mix17AA	ath158b	3	2	0	0.0885
G8	N.A.	mix17AA	N.A.	4	N.A.	0	0.0987
G9	scrambled_miRNA	mix17AA	ath5642b	4	2	0	0.091
G10	plant_miRNA	mix17AA	aof159	5	2	0	0.0925
G11	scrambled_miRNA	mix17AA	ath827	5	2	0	0.0969
B2	scrambled_miRNA	mix17AA	aof159	1	2	1	0.0967
B3	plant_miRNA	mix17AA	ath5642b	1	2	1	0.0927
B4	N.A.	mix17AA	N.A.	2	N.A.	1	0.0851
B5	plant_miRNA	mix17AA	ath158a3p	2	2	1	0.0975
B6	plant_miRNA	mix17AA	ath827	3	2	1	0.0998
B7	plant_miRNA	mix17AA	aof159	3	2	1	0.1012
B8	scrambled_miRNA	mix17AA	ath158a3p	4	2	1	0.1
B9	scrambled_miRNA	mix17AA	ath827	4	2	1	0.0985
B10	scrambled_miRNA	mix17AA	ath5642b	5	2	1	0.098
B11	plant_miRNA	mix17AA	ath158b	5	2	1	0.1
C2	plant_miRNA	mix17AA	aof159	1	2	1	0.0952
C3	scrambled_miRNA	mix17AA	ath5642b	1	2	1	0.0997
C4	N.A.	mix17AA	N.A.	2	N.A.	1	0.089
C5	scrambled_miRNA	mix17AA	ath158a3p	2	2	1	0.0961
C6	scrambled_miRNA	mix17AA	ath827	3	2	1	0.0997
C7	scrambled_miRNA	mix17AA	aof159	3	2	1	0.0983
C8	plant_miRNA	mix17AA	ath158a3p	4	2	1	0.0994
C9	plant_miRNA	mix17AA	ath827	4	2	1	0.1021
C10	plant_miRNA	mix17AA	ath5642b	5	2	1	0.0987
C11	scrambled_miRNA	mix17AA	ath158b	5	2	1	0.0969
D2	scrambled_miRNA	mix17AA	ath158a3p	1	2	1	0.103
D3	plant_miRNA	mix17AA	ath158b	1	2	1	0.0986
D4	scrambled_miRNA	mix17AA	ath5642b	2	2	1	0.0959
D5	plant_miRNA	mix17AA	ath827	2	2	1	0.0985
D6	N.A.	mix17AA	N.A.	3	N.A.	1	0.0959
D7	plant_miRNA	mix17AA	ath5642b	3	2	1	0.0999
D8	plant_miRNA	mix17AA	aof159	4	2	1	0.1012
D9	scrambled_miRNA	mix17AA	ath158b	4	2	1	0.0992
D10	plant_miRNA	mix17AA	ath158a3p	5	2	1	0.0979
D11	N.A.	mix17AA	N.A.	5	N.A.	1	0.0864
E2	plant_miRNA	mix17AA	ath158a3p	1	2	1	0.0939
E3	scrambled_miRNA	mix17AA	ath158b	1	2	1	0.0979
E4	plant_miRNA	mix17AA	ath5642b	2	2	1	0.1051
E5	scrambled_miRNA	mix17AA	ath827	2	2	1	0.1015
E6	N.A.	mix17AA	N.A.	3	N.A.	1	0.091
E7	scrambled_miRNA	mix17AA	ath5642b	3	2	1	0.1012
E8	scrambled_miRNA	mix17AA	aof159	4	2	1	0.0991
E9	plant_miRNA	mix17AA	ath158b	4	2	1	0.1085
E10	scrambled_miRNA	mix17AA	ath158a3p	5	2	1	0.0995
E11	N.A.	mix17AA	N.A.	5	N.A.	1	0.0897
F2	scrambled_miRNA	mix17AA	ath827	1	2	1	0.0976
F3	N.A.	mix17AA	N.A.	1	N.A.	1	0.0892
F4	plant_miRNA	mix17AA	aof159	2	2	1	0.1007
F5	scrambled_miRNA	mix17AA	ath158b	2	2	1	0.0944
F6	scrambled_miRNA	mix17AA	ath158a3p	3	2	1	0.0965
F7	plant_miRNA	mix17AA	ath158b	3	2	1	0.095
F8	N.A.	mix17AA	N.A.	4	N.A.	1	0.0926
F9	plant_miRNA	mix17AA	ath5642b	4	2	1	0.0957
F10	scrambled_miRNA	mix17AA	aof159	5	2	1	0.0971
F11	plant_miRNA	mix17AA	ath827	5	2	1	0.0951
G2	plant_miRNA	mix17AA	ath827	1	2	1	0.0967
G3	N.A.	mix17AA	N.A.	1	N.A.	1	0.1504
G4	scrambled_miRNA	mix17AA	aof159	2	2	1	0.0973
G5	plant_miRNA	mix17AA	ath158b	2	2	1	0.095
G6	plant_miRNA	mix17AA	ath158a3p	3	2	1	0.0955
G7	scrambled_miRNA	mix17AA	ath158b	3	2	1	0.0932
G8	N.A.	mix17AA	N.A.	4	N.A.	1	0.0869
G9	scrambled_miRNA	mix17AA	ath5642b	4	2	1	0.0953
G10	plant_miRNA	mix17AA	aof159	5	2	1	0.0966
G11	scrambled_miRNA	mix17AA	ath827	5	2	1	0.1027
B2	scrambled_miRNA	mix17AA	aof159	1	2	2	0.1077
B3	plant_miRNA	mix17AA	ath5642b	1	2	2	0.1043
B4	N.A.	mix17AA	N.A.	2	N.A.	2	0.085
B5	plant_miRNA	mix17AA	ath158a3p	2	2	2	0.1083
B6	plant_miRNA	mix17AA	ath827	3	2	2	0.1109
B7	plant_miRNA	mix17AA	aof159	3	2	2	0.1121
B8	scrambled_miRNA	mix17AA	ath158a3p	4	2	2	0.1087
B9	scrambled_miRNA	mix17AA	ath827	4	2	2	0.1071
B10	scrambled_miRNA	mix17AA	ath5642b	5	2	2	0.1081
B11	plant_miRNA	mix17AA	ath158b	5	2	2	0.11
C2	plant_miRNA	mix17AA	aof159	1	2	2	0.1064
C3	scrambled_miRNA	mix17AA	ath5642b	1	2	2	0.1106
C4	N.A.	mix17AA	N.A.	2	N.A.	2	0.0888
C5	scrambled_miRNA	mix17AA	ath158a3p	2	2	2	0.1072
C6	scrambled_miRNA	mix17AA	ath827	3	2	2	0.1117
C7	scrambled_miRNA	mix17AA	aof159	3	2	2	0.1085
C8	plant_miRNA	mix17AA	ath158a3p	4	2	2	0.1088
C9	plant_miRNA	mix17AA	ath827	4	2	2	0.1109
C10	plant_miRNA	mix17AA	ath5642b	5	2	2	0.1085
C11	scrambled_miRNA	mix17AA	ath158b	5	2	2	0.1109
D2	scrambled_miRNA	mix17AA	ath158a3p	1	2	2	0.1142
D3	plant_miRNA	mix17AA	ath158b	1	2	2	0.1094
D4	scrambled_miRNA	mix17AA	ath5642b	2	2	2	0.1061
D5	plant_miRNA	mix17AA	ath827	2	2	2	0.109
D6	N.A.	mix17AA	N.A.	3	N.A.	2	0.092
D7	plant_miRNA	mix17AA	ath5642b	3	2	2	0.1106
D8	plant_miRNA	mix17AA	aof159	4	2	2	0.1104
D9	scrambled_miRNA	mix17AA	ath158b	4	2	2	0.1077
D10	plant_miRNA	mix17AA	ath158a3p	5	2	2	0.1074
D11	N.A.	mix17AA	N.A.	5	N.A.	2	0.0865
E2	plant_miRNA	mix17AA	ath158a3p	1	2	2	0.1051
E3	scrambled_miRNA	mix17AA	ath158b	1	2	2	0.1093
E4	plant_miRNA	mix17AA	ath5642b	2	2	2	0.1154
E5	scrambled_miRNA	mix17AA	ath827	2	2	2	0.1115
E6	N.A.	mix17AA	N.A.	3	N.A.	2	0.1036
E7	scrambled_miRNA	mix17AA	ath5642b	3	2	2	0.1119
E8	scrambled_miRNA	mix17AA	aof159	4	2	2	0.1083
E9	plant_miRNA	mix17AA	ath158b	4	2	2	0.1171
E10	scrambled_miRNA	mix17AA	ath158a3p	5	2	2	0.1089
E11	N.A.	mix17AA	N.A.	5	N.A.	2	0.0863
F2	scrambled_miRNA	mix17AA	ath827	1	2	2	0.1086
F3	N.A.	mix17AA	N.A.	1	N.A.	2	0.0872
F4	plant_miRNA	mix17AA	aof159	2	2	2	0.1102
F5	scrambled_miRNA	mix17AA	ath158b	2	2	2	0.1038
F6	scrambled_miRNA	mix17AA	ath158a3p	3	2	2	0.1072
F7	plant_miRNA	mix17AA	ath158b	3	2	2	0.1047
F8	N.A.	mix17AA	N.A.	4	N.A.	2	0.0939
F9	plant_miRNA	mix17AA	ath5642b	4	2	2	0.104
F10	scrambled_miRNA	mix17AA	aof159	5	2	2	0.1069
F11	plant_miRNA	mix17AA	ath827	5	2	2	0.105
G2	plant_miRNA	mix17AA	ath827	1	2	2	0.1077
G3	N.A.	mix17AA	N.A.	1	N.A.	2	0.1463
G4	scrambled_miRNA	mix17AA	aof159	2	2	2	0.1076
G5	plant_miRNA	mix17AA	ath158b	2	2	2	0.1051
G6	plant_miRNA	mix17AA	ath158a3p	3	2	2	0.1057
G7	scrambled_miRNA	mix17AA	ath158b	3	2	2	0.1044
G8	N.A.	mix17AA	N.A.	4	N.A.	2	0.0843
G9	scrambled_miRNA	mix17AA	ath5642b	4	2	2	0.104
G10	plant_miRNA	mix17AA	aof159	5	2	2	0.1065
G11	scrambled_miRNA	mix17AA	ath827	5	2	2	0.1126
B2	scrambled_miRNA	mix17AA	aof159	1	2	3	0.1429
B3	plant_miRNA	mix17AA	ath5642b	1	2	3	0.1397
B4	N.A.	mix17AA	N.A.	2	N.A.	3	0.0845
B5	plant_miRNA	mix17AA	ath158a3p	2	2	3	0.1416
B6	plant_miRNA	mix17AA	ath827	3	2	3	0.1453
B7	plant_miRNA	mix17AA	aof159	3	2	3	0.1448
B8	scrambled_miRNA	mix17AA	ath158a3p	4	2	3	0.1323
B9	scrambled_miRNA	mix17AA	ath827	4	2	3	0.1306
B10	scrambled_miRNA	mix17AA	ath5642b	5	2	3	0.1381
B11	plant_miRNA	mix17AA	ath158b	5	2	3	0.1383
C2	plant_miRNA	mix17AA	aof159	1	2	3	0.1413
C3	scrambled_miRNA	mix17AA	ath5642b	1	2	3	0.145
C4	N.A.	mix17AA	N.A.	2	N.A.	3	0.0902
C5	scrambled_miRNA	mix17AA	ath158a3p	2	2	3	0.1393
C6	scrambled_miRNA	mix17AA	ath827	3	2	3	0.1466
C7	scrambled_miRNA	mix17AA	aof159	3	2	3	0.1386
C8	plant_miRNA	mix17AA	ath158a3p	4	2	3	0.1341
C9	plant_miRNA	mix17AA	ath827	4	2	3	0.1337
C10	plant_miRNA	mix17AA	ath5642b	5	2	3	0.1384
C11	scrambled_miRNA	mix17AA	ath158b	5	2	3	0.1436
D2	scrambled_miRNA	mix17AA	ath158a3p	1	2	3	0.1492
D3	plant_miRNA	mix17AA	ath158b	1	2	3	0.1437
D4	scrambled_miRNA	mix17AA	ath5642b	2	2	3	0.1373
D5	plant_miRNA	mix17AA	ath827	2	2	3	0.1403
D6	N.A.	mix17AA	N.A.	3	N.A.	3	0.1089
D7	plant_miRNA	mix17AA	ath5642b	3	2	3	0.1439
D8	plant_miRNA	mix17AA	aof159	4	2	3	0.1354
D9	scrambled_miRNA	mix17AA	ath158b	4	2	3	0.1308
D10	plant_miRNA	mix17AA	ath158a3p	5	2	3	0.1354
D11	N.A.	mix17AA	N.A.	5	N.A.	3	0.0864
E2	plant_miRNA	mix17AA	ath158a3p	1	2	3	0.1394
E3	scrambled_miRNA	mix17AA	ath158b	1	2	3	0.144
E4	plant_miRNA	mix17AA	ath5642b	2	2	3	0.1476
E5	scrambled_miRNA	mix17AA	ath827	2	2	3	0.142
E6	N.A.	mix17AA	N.A.	3	N.A.	3	0.0867
E7	scrambled_miRNA	mix17AA	ath5642b	3	2	3	0.1446
E8	scrambled_miRNA	mix17AA	aof159	4	2	3	0.1322
E9	plant_miRNA	mix17AA	ath158b	4	2	3	0.1397
E10	scrambled_miRNA	mix17AA	ath158a3p	5	2	3	0.1359
E11	N.A.	mix17AA	N.A.	5	N.A.	3	0.0905
F2	scrambled_miRNA	mix17AA	ath827	1	2	3	0.1431
F3	N.A.	mix17AA	N.A.	1	N.A.	3	0.1099
F4	plant_miRNA	mix17AA	aof159	2	2	3	0.1402
F5	scrambled_miRNA	mix17AA	ath158b	2	2	3	0.1347
F6	scrambled_miRNA	mix17AA	ath158a3p	3	2	3	0.1402
F7	plant_miRNA	mix17AA	ath158b	3	2	3	0.1345
F8	N.A.	mix17AA	N.A.	4	N.A.	3	0.1117
F9	plant_miRNA	mix17AA	ath5642b	4	2	3	0.1276
F10	scrambled_miRNA	mix17AA	aof159	5	2	3	0.1352
F11	plant_miRNA	mix17AA	ath827	5	2	3	0.1337
G2	plant_miRNA	mix17AA	ath827	1	2	3	0.1414
G3	N.A.	mix17AA	N.A.	1	N.A.	3	0.1311
G4	scrambled_miRNA	mix17AA	aof159	2	2	3	0.138
G5	plant_miRNA	mix17AA	ath158b	2	2	3	0.1368
G6	plant_miRNA	mix17AA	ath158a3p	3	2	3	0.1373
G7	scrambled_miRNA	mix17AA	ath158b	3	2	3	0.1365
G8	N.A.	mix17AA	N.A.	4	N.A.	3	0.0848
G9	scrambled_miRNA	mix17AA	ath5642b	4	2	3	0.1273
G10	plant_miRNA	mix17AA	aof159	5	2	3	0.1339
G11	scrambled_miRNA	mix17AA	ath827	5	2	3	0.1415
B2	scrambled_miRNA	mix17AA	aof159	1	2	4	0.2223
B3	plant_miRNA	mix17AA	ath5642b	1	2	4	0.2205
B4	N.A.	mix17AA	N.A.	2	N.A.	4	0.0842
B5	plant_miRNA	mix17AA	ath158a3p	2	2	4	0.2197
B6	plant_miRNA	mix17AA	ath827	3	2	4	0.227
B7	plant_miRNA	mix17AA	aof159	3	2	4	0.2236
B8	scrambled_miRNA	mix17AA	ath158a3p	4	2	4	0.1948
B9	scrambled_miRNA	mix17AA	ath827	4	2	4	0.1923
B10	scrambled_miRNA	mix17AA	ath5642b	5	2	4	0.2103
B11	plant_miRNA	mix17AA	ath158b	5	2	4	0.2078
C2	plant_miRNA	mix17AA	aof159	1	2	4	0.2222
C3	scrambled_miRNA	mix17AA	ath5642b	1	2	4	0.2229
C4	N.A.	mix17AA	N.A.	2	N.A.	4	0.0877
C5	scrambled_miRNA	mix17AA	ath158a3p	2	2	4	0.2148
C6	scrambled_miRNA	mix17AA	ath827	3	2	4	0.2257
C7	scrambled_miRNA	mix17AA	aof159	3	2	4	0.2107
C8	plant_miRNA	mix17AA	ath158a3p	4	2	4	0.1963
C9	plant_miRNA	mix17AA	ath827	4	2	4	0.193
C10	plant_miRNA	mix17AA	ath5642b	5	2	4	0.21
C11	scrambled_miRNA	mix17AA	ath158b	5	2	4	0.2189
D2	scrambled_miRNA	mix17AA	ath158a3p	1	2	4	0.23
D3	plant_miRNA	mix17AA	ath158b	1	2	4	0.2241
D4	scrambled_miRNA	mix17AA	ath5642b	2	2	4	0.2118
D5	plant_miRNA	mix17AA	ath827	2	2	4	0.2146
D6	N.A.	mix17AA	N.A.	3	N.A.	4	0.1032
D7	plant_miRNA	mix17AA	ath5642b	3	2	4	0.2197
D8	plant_miRNA	mix17AA	aof159	4	2	4	0.1986
D9	scrambled_miRNA	mix17AA	ath158b	4	2	4	0.1897
D10	plant_miRNA	mix17AA	ath158a3p	5	2	4	0.2033
D11	N.A.	mix17AA	N.A.	5	N.A.	4	0.0866
E2	plant_miRNA	mix17AA	ath158a3p	1	2	4	0.2191
E3	scrambled_miRNA	mix17AA	ath158b	1	2	4	0.2247
E4	plant_miRNA	mix17AA	ath5642b	2	2	4	0.223
E5	scrambled_miRNA	mix17AA	ath827	2	2	4	0.2155
E6	N.A.	mix17AA	N.A.	3	N.A.	4	0.0862
E7	scrambled_miRNA	mix17AA	ath5642b	3	2	4	0.2215
E8	scrambled_miRNA	mix17AA	aof159	4	2	4	0.194
E9	plant_miRNA	mix17AA	ath158b	4	2	4	0.1982
E10	scrambled_miRNA	mix17AA	ath158a3p	5	2	4	0.2024
E11	N.A.	mix17AA	N.A.	5	N.A.	4	0.0883
F2	scrambled_miRNA	mix17AA	ath827	1	2	4	0.2223
F3	N.A.	mix17AA	N.A.	1	N.A.	4	0.1104
F4	plant_miRNA	mix17AA	aof159	2	2	4	0.2149
F5	scrambled_miRNA	mix17AA	ath158b	2	2	4	0.2093
F6	scrambled_miRNA	mix17AA	ath158a3p	3	2	4	0.2153
F7	plant_miRNA	mix17AA	ath158b	3	2	4	0.2068
F8	N.A.	mix17AA	N.A.	4	N.A.	4	0.1076
F9	plant_miRNA	mix17AA	ath5642b	4	2	4	0.1862
F10	scrambled_miRNA	mix17AA	aof159	5	2	4	0.2029
F11	plant_miRNA	mix17AA	ath827	5	2	4	0.2017
G2	plant_miRNA	mix17AA	ath827	1	2	4	0.2196
G3	N.A.	mix17AA	N.A.	1	N.A.	4	0.1338
G4	scrambled_miRNA	mix17AA	aof159	2	2	4	0.2126
G5	plant_miRNA	mix17AA	ath158b	2	2	4	0.212
G6	plant_miRNA	mix17AA	ath158a3p	3	2	4	0.2135
G7	scrambled_miRNA	mix17AA	ath158b	3	2	4	0.2114
G8	N.A.	mix17AA	N.A.	4	N.A.	4	0.0866
G9	scrambled_miRNA	mix17AA	ath5642b	4	2	4	0.1872
G10	plant_miRNA	mix17AA	aof159	5	2	4	0.2027
G11	scrambled_miRNA	mix17AA	ath827	5	2	4	0.2119
B2	scrambled_miRNA	mix17AA	aof159	1	2	5	0.3456
B3	plant_miRNA	mix17AA	ath5642b	1	2	5	0.3378
B4	N.A.	mix17AA	N.A.	2	N.A.	5	0.0842
B5	plant_miRNA	mix17AA	ath158a3p	2	2	5	0.3402
B6	plant_miRNA	mix17AA	ath827	3	2	5	0.35
B7	plant_miRNA	mix17AA	aof159	3	2	5	0.3464
B8	scrambled_miRNA	mix17AA	ath158a3p	4	2	5	0.3069
B9	scrambled_miRNA	mix17AA	ath827	4	2	5	0.3062
B10	scrambled_miRNA	mix17AA	ath5642b	5	2	5	0.3281
B11	plant_miRNA	mix17AA	ath158b	5	2	5	0.325
C2	plant_miRNA	mix17AA	aof159	1	2	5	0.353
C3	scrambled_miRNA	mix17AA	ath5642b	1	2	5	0.3414
C4	N.A.	mix17AA	N.A.	2	N.A.	5	0.0878
C5	scrambled_miRNA	mix17AA	ath158a3p	2	2	5	0.3315
C6	scrambled_miRNA	mix17AA	ath827	3	2	5	0.3446
C7	scrambled_miRNA	mix17AA	aof159	3	2	5	0.3255
C8	plant_miRNA	mix17AA	ath158a3p	4	2	5	0.3049
C9	plant_miRNA	mix17AA	ath827	4	2	5	0.3072
C10	plant_miRNA	mix17AA	ath5642b	5	2	5	0.3246
C11	scrambled_miRNA	mix17AA	ath158b	5	2	5	0.3384
D2	scrambled_miRNA	mix17AA	ath158a3p	1	2	5	0.3544
D3	plant_miRNA	mix17AA	ath158b	1	2	5	0.3424
D4	scrambled_miRNA	mix17AA	ath5642b	2	2	5	0.3248
D5	plant_miRNA	mix17AA	ath827	2	2	5	0.3351
D6	N.A.	mix17AA	N.A.	3	N.A.	5	0.1074
D7	plant_miRNA	mix17AA	ath5642b	3	2	5	0.3313
D8	plant_miRNA	mix17AA	aof159	4	2	5	0.3138
D9	scrambled_miRNA	mix17AA	ath158b	4	2	5	0.2968
D10	plant_miRNA	mix17AA	ath158a3p	5	2	5	0.3195
D11	N.A.	mix17AA	N.A.	5	N.A.	5	0.0866
E2	plant_miRNA	mix17AA	ath158a3p	1	2	5	0.3456
E3	scrambled_miRNA	mix17AA	ath158b	1	2	5	0.344
E4	plant_miRNA	mix17AA	ath5642b	2	2	5	0.3359
E5	scrambled_miRNA	mix17AA	ath827	2	2	5	0.3291
E6	N.A.	mix17AA	N.A.	3	N.A.	5	0.0855
E7	scrambled_miRNA	mix17AA	ath5642b	3	2	5	0.3347
E8	scrambled_miRNA	mix17AA	aof159	4	2	5	0.3017
E9	plant_miRNA	mix17AA	ath158b	4	2	5	0.3093
E10	scrambled_miRNA	mix17AA	ath158a3p	5	2	5	0.3187
E11	N.A.	mix17AA	N.A.	5	N.A.	5	0.0891
F2	scrambled_miRNA	mix17AA	ath827	1	2	5	0.3476
F3	N.A.	mix17AA	N.A.	1	N.A.	5	0.1086
F4	plant_miRNA	mix17AA	aof159	2	2	5	0.3405
F5	scrambled_miRNA	mix17AA	ath158b	2	2	5	0.3258
F6	scrambled_miRNA	mix17AA	ath158a3p	3	2	5	0.3325
F7	plant_miRNA	mix17AA	ath158b	3	2	5	0.3279
F8	N.A.	mix17AA	N.A.	4	N.A.	5	0.1074
F9	plant_miRNA	mix17AA	ath5642b	4	2	5	0.2958
F10	scrambled_miRNA	mix17AA	aof159	5	2	5	0.3174
F11	plant_miRNA	mix17AA	ath827	5	2	5	0.3225
G2	plant_miRNA	mix17AA	ath827	1	2	5	0.3508
G3	N.A.	mix17AA	N.A.	1	N.A.	5	0.1353
G4	scrambled_miRNA	mix17AA	aof159	2	2	5	0.3305
G5	plant_miRNA	mix17AA	ath158b	2	2	5	0.333
G6	plant_miRNA	mix17AA	ath158a3p	3	2	5	0.333
G7	scrambled_miRNA	mix17AA	ath158b	3	2	5	0.3351
G8	N.A.	mix17AA	N.A.	4	N.A.	5	0.0889
G9	scrambled_miRNA	mix17AA	ath5642b	4	2	5	0.2986
G10	plant_miRNA	mix17AA	aof159	5	2	5	0.3265
G11	scrambled_miRNA	mix17AA	ath827	5	2	5	0.3301
B2	scrambled_miRNA	mix17AA	aof159	1	2	6	0.5
B3	plant_miRNA	mix17AA	ath5642b	1	2	6	0.4844
B4	N.A.	mix17AA	N.A.	2	N.A.	6	0.0844
B5	plant_miRNA	mix17AA	ath158a3p	2	2	6	0.4859
B6	plant_miRNA	mix17AA	ath827	3	2	6	0.5049
B7	plant_miRNA	mix17AA	aof159	3	2	6	0.5019
B8	scrambled_miRNA	mix17AA	ath158a3p	4	2	6	0.4394
B9	scrambled_miRNA	mix17AA	ath827	4	2	6	0.4376
B10	scrambled_miRNA	mix17AA	ath5642b	5	2	6	0.4667
B11	plant_miRNA	mix17AA	ath158b	5	2	6	0.4634
C2	plant_miRNA	mix17AA	aof159	1	2	6	0.5122
C3	scrambled_miRNA	mix17AA	ath5642b	1	2	6	0.4897
C4	N.A.	mix17AA	N.A.	2	N.A.	6	0.0886
C5	scrambled_miRNA	mix17AA	ath158a3p	2	2	6	0.472
C6	scrambled_miRNA	mix17AA	ath827	3	2	6	0.4923
C7	scrambled_miRNA	mix17AA	aof159	3	2	6	0.4665
C8	plant_miRNA	mix17AA	ath158a3p	4	2	6	0.4423
C9	plant_miRNA	mix17AA	ath827	4	2	6	0.4352
C10	plant_miRNA	mix17AA	ath5642b	5	2	6	0.4609
C11	scrambled_miRNA	mix17AA	ath158b	5	2	6	0.4728
D2	scrambled_miRNA	mix17AA	ath158a3p	1	2	6	0.508
D3	plant_miRNA	mix17AA	ath158b	1	2	6	0.4929
D4	scrambled_miRNA	mix17AA	ath5642b	2	2	6	0.4676
D5	plant_miRNA	mix17AA	ath827	2	2	6	0.4845
D6	N.A.	mix17AA	N.A.	3	N.A.	6	0.1009
D7	plant_miRNA	mix17AA	ath5642b	3	2	6	0.4718
D8	plant_miRNA	mix17AA	aof159	4	2	6	0.4576
D9	scrambled_miRNA	mix17AA	ath158b	4	2	6	0.4281
D10	plant_miRNA	mix17AA	ath158a3p	5	2	6	0.4566
D11	N.A.	mix17AA	N.A.	5	N.A.	6	0.0869
E2	plant_miRNA	mix17AA	ath158a3p	1	2	6	0.5041
E3	scrambled_miRNA	mix17AA	ath158b	1	2	6	0.4974
E4	plant_miRNA	mix17AA	ath5642b	2	2	6	0.4829
E5	scrambled_miRNA	mix17AA	ath827	2	2	6	0.4734
E6	N.A.	mix17AA	N.A.	3	N.A.	6	0.0857
E7	scrambled_miRNA	mix17AA	ath5642b	3	2	6	0.4788
E8	scrambled_miRNA	mix17AA	aof159	4	2	6	0.4384
E9	plant_miRNA	mix17AA	ath158b	4	2	6	0.4392
E10	scrambled_miRNA	mix17AA	ath158a3p	5	2	6	0.4507
E11	N.A.	mix17AA	N.A.	5	N.A.	6	0.09
F2	scrambled_miRNA	mix17AA	ath827	1	2	6	0.4979
F3	N.A.	mix17AA	N.A.	1	N.A.	6	0.0939
F4	plant_miRNA	mix17AA	aof159	2	2	6	0.4976
F5	scrambled_miRNA	mix17AA	ath158b	2	2	6	0.4716
F6	scrambled_miRNA	mix17AA	ath158a3p	3	2	6	0.4799
F7	plant_miRNA	mix17AA	ath158b	3	2	6	0.4736
F8	N.A.	mix17AA	N.A.	4	N.A.	6	0.0996
F9	plant_miRNA	mix17AA	ath5642b	4	2	6	0.423
F10	scrambled_miRNA	mix17AA	aof159	5	2	6	0.4551
F11	plant_miRNA	mix17AA	ath827	5	2	6	0.4669
G2	plant_miRNA	mix17AA	ath827	1	2	6	0.5165
G3	N.A.	mix17AA	N.A.	1	N.A.	6	0.1545
G4	scrambled_miRNA	mix17AA	aof159	2	2	6	0.479
G5	plant_miRNA	mix17AA	ath158b	2	2	6	0.4802
G6	plant_miRNA	mix17AA	ath158a3p	3	2	6	0.4866
G7	scrambled_miRNA	mix17AA	ath158b	3	2	6	0.4878
G8	N.A.	mix17AA	N.A.	4	N.A.	6	0.0849
G9	scrambled_miRNA	mix17AA	ath5642b	4	2	6	0.4311
G10	plant_miRNA	mix17AA	aof159	5	2	6	0.4709
G11	scrambled_miRNA	mix17AA	ath827	5	2	6	0.4689
B2	scrambled_miRNA	mix17AA	aof159	1	2	7	0.6766
B3	plant_miRNA	mix17AA	ath5642b	1	2	7	0.6536
B4	N.A.	mix17AA	N.A.	2	N.A.	7	0.0863
B5	plant_miRNA	mix17AA	ath158a3p	2	2	7	0.6696
B6	plant_miRNA	mix17AA	ath827	3	2	7	0.6935
B7	plant_miRNA	mix17AA	aof159	3	2	7	0.6901
B8	scrambled_miRNA	mix17AA	ath158a3p	4	2	7	0.6262
B9	scrambled_miRNA	mix17AA	ath827	4	2	7	0.6191
B10	scrambled_miRNA	mix17AA	ath5642b	5	2	7	0.6485
B11	plant_miRNA	mix17AA	ath158b	5	2	7	0.6405
C2	plant_miRNA	mix17AA	aof159	1	2	7	0.688
C3	scrambled_miRNA	mix17AA	ath5642b	1	2	7	0.662
C4	N.A.	mix17AA	N.A.	2	N.A.	7	0.0903
C5	scrambled_miRNA	mix17AA	ath158a3p	2	2	7	0.6584
C6	scrambled_miRNA	mix17AA	ath827	3	2	7	0.6715
C7	scrambled_miRNA	mix17AA	aof159	3	2	7	0.6568
C8	plant_miRNA	mix17AA	ath158a3p	4	2	7	0.6208
C9	plant_miRNA	mix17AA	ath827	4	2	7	0.6212
C10	plant_miRNA	mix17AA	ath5642b	5	2	7	0.6416
C11	scrambled_miRNA	mix17AA	ath158b	5	2	7	0.6535
D2	scrambled_miRNA	mix17AA	ath158a3p	1	2	7	0.6788
D3	plant_miRNA	mix17AA	ath158b	1	2	7	0.6735
D4	scrambled_miRNA	mix17AA	ath5642b	2	2	7	0.6493
D5	plant_miRNA	mix17AA	ath827	2	2	7	0.6705
D6	N.A.	mix17AA	N.A.	3	N.A.	7	0.0897
D7	plant_miRNA	mix17AA	ath5642b	3	2	7	0.6493
D8	plant_miRNA	mix17AA	aof159	4	2	7	0.6397
D9	scrambled_miRNA	mix17AA	ath158b	4	2	7	0.6134
D10	plant_miRNA	mix17AA	ath158a3p	5	2	7	0.641
D11	N.A.	mix17AA	N.A.	5	N.A.	7	0.0867
E2	plant_miRNA	mix17AA	ath158a3p	1	2	7	0.6763
E3	scrambled_miRNA	mix17AA	ath158b	1	2	7	0.6773
E4	plant_miRNA	mix17AA	ath5642b	2	2	7	0.6634
E5	scrambled_miRNA	mix17AA	ath827	2	2	7	0.6558
E6	N.A.	mix17AA	N.A.	3	N.A.	7	0.0956
E7	scrambled_miRNA	mix17AA	ath5642b	3	2	7	0.6583
E8	scrambled_miRNA	mix17AA	aof159	4	2	7	0.6263
E9	plant_miRNA	mix17AA	ath158b	4	2	7	0.6212
E10	scrambled_miRNA	mix17AA	ath158a3p	5	2	7	0.6347
E11	N.A.	mix17AA	N.A.	5	N.A.	7	0.0862
F2	scrambled_miRNA	mix17AA	ath827	1	2	7	0.6709
F3	N.A.	mix17AA	N.A.	1	N.A.	7	0.1062
F4	plant_miRNA	mix17AA	aof159	2	2	7	0.6923
F5	scrambled_miRNA	mix17AA	ath158b	2	2	7	0.658
F6	scrambled_miRNA	mix17AA	ath158a3p	3	2	7	0.6684
F7	plant_miRNA	mix17AA	ath158b	3	2	7	0.6604
F8	N.A.	mix17AA	N.A.	4	N.A.	7	0.0961
F9	plant_miRNA	mix17AA	ath5642b	4	2	7	0.6088
F10	scrambled_miRNA	mix17AA	aof159	5	2	7	0.6353
F11	plant_miRNA	mix17AA	ath827	5	2	7	0.6588
G2	plant_miRNA	mix17AA	ath827	1	2	7	0.701
G3	N.A.	mix17AA	N.A.	1	N.A.	7	0.1494
G4	scrambled_miRNA	mix17AA	aof159	2	2	7	0.6724
G5	plant_miRNA	mix17AA	ath158b	2	2	7	0.6671
G6	plant_miRNA	mix17AA	ath158a3p	3	2	7	0.6761
G7	scrambled_miRNA	mix17AA	ath158b	3	2	7	0.6814
G8	N.A.	mix17AA	N.A.	4	N.A.	7	0.0842
G9	scrambled_miRNA	mix17AA	ath5642b	4	2	7	0.6154
G10	plant_miRNA	mix17AA	aof159	5	2	7	0.6623
G11	scrambled_miRNA	mix17AA	ath827	5	2	7	0.655
B2	scrambled_miRNA	mix17AA	aof159	1	2	8	0.905
B3	plant_miRNA	mix17AA	ath5642b	1	2	8	0.9058
B4	N.A.	mix17AA	N.A.	2	N.A.	8	0.0847
B5	plant_miRNA	mix17AA	ath158a3p	2	2	8	0.8725
B6	plant_miRNA	mix17AA	ath827	3	2	8	0.9474
B7	plant_miRNA	mix17AA	aof159	3	2	8	0.9117
B8	scrambled_miRNA	mix17AA	ath158a3p	4	2	8	0.8192
B9	scrambled_miRNA	mix17AA	ath827	4	2	8	0.786
B10	scrambled_miRNA	mix17AA	ath5642b	5	2	8	0.8239
B11	plant_miRNA	mix17AA	ath158b	5	2	8	0.8077
C2	plant_miRNA	mix17AA	aof159	1	2	8	0.9192
C3	scrambled_miRNA	mix17AA	ath5642b	1	2	8	0.9081
C4	N.A.	mix17AA	N.A.	2	N.A.	8	0.09
C5	scrambled_miRNA	mix17AA	ath158a3p	2	2	8	0.8629
C6	scrambled_miRNA	mix17AA	ath827	3	2	8	0.93
C7	scrambled_miRNA	mix17AA	aof159	3	2	8	0.8747
C8	plant_miRNA	mix17AA	ath158a3p	4	2	8	0.8004
C9	plant_miRNA	mix17AA	ath827	4	2	8	0.7888
C10	plant_miRNA	mix17AA	ath5642b	5	2	8	0.817
C11	scrambled_miRNA	mix17AA	ath158b	5	2	8	0.8213
D2	scrambled_miRNA	mix17AA	ath158a3p	1	2	8	0.9125
D3	plant_miRNA	mix17AA	ath158b	1	2	8	0.9204
D4	scrambled_miRNA	mix17AA	ath5642b	2	2	8	0.8506
D5	plant_miRNA	mix17AA	ath827	2	2	8	0.8762
D6	N.A.	mix17AA	N.A.	3	N.A.	8	0.0943
D7	plant_miRNA	mix17AA	ath5642b	3	2	8	0.8924
D8	plant_miRNA	mix17AA	aof159	4	2	8	0.8159
D9	scrambled_miRNA	mix17AA	ath158b	4	2	8	0.7781
D10	plant_miRNA	mix17AA	ath158a3p	5	2	8	0.8107
D11	N.A.	mix17AA	N.A.	5	N.A.	8	0.0869
E2	plant_miRNA	mix17AA	ath158a3p	1	2	8	0.8989
E3	scrambled_miRNA	mix17AA	ath158b	1	2	8	0.9216
E4	plant_miRNA	mix17AA	ath5642b	2	2	8	0.8674
E5	scrambled_miRNA	mix17AA	ath827	2	2	8	0.8577
E6	N.A.	mix17AA	N.A.	3	N.A.	8	0.0871
E7	scrambled_miRNA	mix17AA	ath5642b	3	2	8	0.8724
E8	scrambled_miRNA	mix17AA	aof159	4	2	8	0.8065
E9	plant_miRNA	mix17AA	ath158b	4	2	8	0.7946
E10	scrambled_miRNA	mix17AA	ath158a3p	5	2	8	0.8001
E11	N.A.	mix17AA	N.A.	5	N.A.	8	0.0861
F2	scrambled_miRNA	mix17AA	ath827	1	2	8	0.8914
F3	N.A.	mix17AA	N.A.	1	N.A.	8	0.1076
F4	plant_miRNA	mix17AA	aof159	2	2	8	0.8764
F5	scrambled_miRNA	mix17AA	ath158b	2	2	8	0.851
F6	scrambled_miRNA	mix17AA	ath158a3p	3	2	8	0.886
F7	plant_miRNA	mix17AA	ath158b	3	2	8	0.8653
F8	N.A.	mix17AA	N.A.	4	N.A.	8	0.1073
F9	plant_miRNA	mix17AA	ath5642b	4	2	8	0.7711
F10	scrambled_miRNA	mix17AA	aof159	5	2	8	0.8078
F11	plant_miRNA	mix17AA	ath827	5	2	8	0.8226
G2	plant_miRNA	mix17AA	ath827	1	2	8	0.9421
G3	N.A.	mix17AA	N.A.	1	N.A.	8	0.1455
G4	scrambled_miRNA	mix17AA	aof159	2	2	8	0.8592
G5	plant_miRNA	mix17AA	ath158b	2	2	8	0.8647
G6	plant_miRNA	mix17AA	ath158a3p	3	2	8	0.8795
G7	scrambled_miRNA	mix17AA	ath158b	3	2	8	0.8828
G8	N.A.	mix17AA	N.A.	4	N.A.	8	0.0934
G9	scrambled_miRNA	mix17AA	ath5642b	4	2	8	0.7789
G10	plant_miRNA	mix17AA	aof159	5	2	8	0.8251
G11	scrambled_miRNA	mix17AA	ath827	5	2	8	0.8178
B2	scrambled_miRNA	mix17AA	aof159	1	2	9	1.3685
B3	plant_miRNA	mix17AA	ath5642b	1	2	9	1.3576
B4	N.A.	mix17AA	N.A.	2	N.A.	9	0.0848
B5	plant_miRNA	mix17AA	ath158a3p	2	2	9	1.3396
B6	plant_miRNA	mix17AA	ath827	3	2	9	1.4129
B7	plant_miRNA	mix17AA	aof159	3	2	9	1.3691
B8	scrambled_miRNA	mix17AA	ath158a3p	4	2	9	1.275
B9	scrambled_miRNA	mix17AA	ath827	4	2	9	1.2348
B10	scrambled_miRNA	mix17AA	ath5642b	5	2	9	1.269
B11	plant_miRNA	mix17AA	ath158b	5	2	9	1.242
C2	plant_miRNA	mix17AA	aof159	1	2	9	1.3873
C3	scrambled_miRNA	mix17AA	ath5642b	1	2	9	1.3634
C4	N.A.	mix17AA	N.A.	2	N.A.	9	0.09
C5	scrambled_miRNA	mix17AA	ath158a3p	2	2	9	1.327
C6	scrambled_miRNA	mix17AA	ath827	3	2	9	1.3721
C7	scrambled_miRNA	mix17AA	aof159	3	2	9	1.3215
C8	plant_miRNA	mix17AA	ath158a3p	4	2	9	1.2591
C9	plant_miRNA	mix17AA	ath827	4	2	9	1.2387
C10	plant_miRNA	mix17AA	ath5642b	5	2	9	1.2583
C11	scrambled_miRNA	mix17AA	ath158b	5	2	9	1.2462
D2	scrambled_miRNA	mix17AA	ath158a3p	1	2	9	1.3699
D3	plant_miRNA	mix17AA	ath158b	1	2	9	1.3616
D4	scrambled_miRNA	mix17AA	ath5642b	2	2	9	1.3135
D5	plant_miRNA	mix17AA	ath827	2	2	9	1.3388
D6	N.A.	mix17AA	N.A.	3	N.A.	9	0.0923
D7	plant_miRNA	mix17AA	ath5642b	3	2	9	1.3448
D8	plant_miRNA	mix17AA	aof159	4	2	9	1.2572
D9	scrambled_miRNA	mix17AA	ath158b	4	2	9	1.2065
D10	plant_miRNA	mix17AA	ath158a3p	5	2	9	1.2501
D11	N.A.	mix17AA	N.A.	5	N.A.	9	0.0869
E2	plant_miRNA	mix17AA	ath158a3p	1	2	9	1.3666
E3	scrambled_miRNA	mix17AA	ath158b	1	2	9	1.3731
E4	plant_miRNA	mix17AA	ath5642b	2	2	9	1.3275
E5	scrambled_miRNA	mix17AA	ath827	2	2	9	1.3304
E6	N.A.	mix17AA	N.A.	3	N.A.	9	0.0863
E7	scrambled_miRNA	mix17AA	ath5642b	3	2	9	1.3307
E8	scrambled_miRNA	mix17AA	aof159	4	2	9	1.2549
E9	plant_miRNA	mix17AA	ath158b	4	2	9	1.2457
E10	scrambled_miRNA	mix17AA	ath158a3p	5	2	9	1.2235
E11	N.A.	mix17AA	N.A.	5	N.A.	9	0.0862
F2	scrambled_miRNA	mix17AA	ath827	1	2	9	1.3486
F3	N.A.	mix17AA	N.A.	1	N.A.	9	0.1124
F4	plant_miRNA	mix17AA	aof159	2	2	9	1.3536
F5	scrambled_miRNA	mix17AA	ath158b	2	2	9	1.3018
F6	scrambled_miRNA	mix17AA	ath158a3p	3	2	9	1.3388
F7	plant_miRNA	mix17AA	ath158b	3	2	9	1.3096
F8	N.A.	mix17AA	N.A.	4	N.A.	9	0.1098
F9	plant_miRNA	mix17AA	ath5642b	4	2	9	1.1902
F10	scrambled_miRNA	mix17AA	aof159	5	2	9	1.2262
F11	plant_miRNA	mix17AA	ath827	5	2	9	1.2439
G2	plant_miRNA	mix17AA	ath827	1	2	9	1.3755
G3	N.A.	mix17AA	N.A.	1	N.A.	9	0.1485
G4	scrambled_miRNA	mix17AA	aof159	2	2	9	1.3117
G5	plant_miRNA	mix17AA	ath158b	2	2	9	1.3245
G6	plant_miRNA	mix17AA	ath158a3p	3	2	9	1.3274
G7	scrambled_miRNA	mix17AA	ath158b	3	2	9	1.3209
G8	N.A.	mix17AA	N.A.	4	N.A.	9	0.0987
G9	scrambled_miRNA	mix17AA	ath5642b	4	2	9	1.1879
G10	plant_miRNA	mix17AA	aof159	5	2	9	1.2507
G11	scrambled_miRNA	mix17AA	ath827	5	2	9	1.2202
B2	scrambled_miRNA	mix17AA	aof159	1	2	10	1.635
B3	plant_miRNA	mix17AA	ath5642b	1	2	10	1.6208
B4	N.A.	mix17AA	N.A.	2	N.A.	10	0.0852
B5	plant_miRNA	mix17AA	ath158a3p	2	2	10	1.6024
B6	plant_miRNA	mix17AA	ath827	3	2	10	1.6546
B7	plant_miRNA	mix17AA	aof159	3	2	10	1.625
B8	scrambled_miRNA	mix17AA	ath158a3p	4	2	10	1.5535
B9	scrambled_miRNA	mix17AA	ath827	4	2	10	1.5214
B10	scrambled_miRNA	mix17AA	ath5642b	5	2	10	1.5589
B11	plant_miRNA	mix17AA	ath158b	5	2	10	1.5529
C2	plant_miRNA	mix17AA	aof159	1	2	10	1.6608
C3	scrambled_miRNA	mix17AA	ath5642b	1	2	10	1.6208
C4	N.A.	mix17AA	N.A.	2	N.A.	10	0.0896
C5	scrambled_miRNA	mix17AA	ath158a3p	2	2	10	1.5773
C6	scrambled_miRNA	mix17AA	ath827	3	2	10	1.6007
C7	scrambled_miRNA	mix17AA	aof159	3	2	10	1.5708
C8	plant_miRNA	mix17AA	ath158a3p	4	2	10	1.545
C9	plant_miRNA	mix17AA	ath827	4	2	10	1.5412
C10	plant_miRNA	mix17AA	ath5642b	5	2	10	1.5531
C11	scrambled_miRNA	mix17AA	ath158b	5	2	10	1.5472
D2	scrambled_miRNA	mix17AA	ath158a3p	1	2	10	1.6324
D3	plant_miRNA	mix17AA	ath158b	1	2	10	1.6157
D4	scrambled_miRNA	mix17AA	ath5642b	2	2	10	1.5744
D5	plant_miRNA	mix17AA	ath827	2	2	10	1.6043
D6	N.A.	mix17AA	N.A.	3	N.A.	10	0.0902
D7	plant_miRNA	mix17AA	ath5642b	3	2	10	1.5846
D8	plant_miRNA	mix17AA	aof159	4	2	10	1.5483
D9	scrambled_miRNA	mix17AA	ath158b	4	2	10	1.5097
D10	plant_miRNA	mix17AA	ath158a3p	5	2	10	1.5538
D11	N.A.	mix17AA	N.A.	5	N.A.	10	0.0867
E2	plant_miRNA	mix17AA	ath158a3p	1	2	10	1.6349
E3	scrambled_miRNA	mix17AA	ath158b	1	2	10	1.622
E4	plant_miRNA	mix17AA	ath5642b	2	2	10	1.5817
E5	scrambled_miRNA	mix17AA	ath827	2	2	10	1.5869
E6	N.A.	mix17AA	N.A.	3	N.A.	10	0.0899
E7	scrambled_miRNA	mix17AA	ath5642b	3	2	10	1.5832
E8	scrambled_miRNA	mix17AA	aof159	4	2	10	1.5472
E9	plant_miRNA	mix17AA	ath158b	4	2	10	1.5641
E10	scrambled_miRNA	mix17AA	ath158a3p	5	2	10	1.5379
E11	N.A.	mix17AA	N.A.	5	N.A.	10	0.0861
F2	scrambled_miRNA	mix17AA	ath827	1	2	10	1.6184
F3	N.A.	mix17AA	N.A.	1	N.A.	10	0.0887
F4	plant_miRNA	mix17AA	aof159	2	2	10	1.6287
F5	scrambled_miRNA	mix17AA	ath158b	2	2	10	1.5538
F6	scrambled_miRNA	mix17AA	ath158a3p	3	2	10	1.5827
F7	plant_miRNA	mix17AA	ath158b	3	2	10	1.5635
F8	N.A.	mix17AA	N.A.	4	N.A.	10	0.092
F9	plant_miRNA	mix17AA	ath5642b	4	2	10	1.4852
F10	scrambled_miRNA	mix17AA	aof159	5	2	10	1.5158
F11	plant_miRNA	mix17AA	ath827	5	2	10	1.5577
G2	plant_miRNA	mix17AA	ath827	1	2	10	1.6315
G3	N.A.	mix17AA	N.A.	1	N.A.	10	0.1589
G4	scrambled_miRNA	mix17AA	aof159	2	2	10	1.5706
G5	plant_miRNA	mix17AA	ath158b	2	2	10	1.591
G6	plant_miRNA	mix17AA	ath158a3p	3	2	10	1.5767
G7	scrambled_miRNA	mix17AA	ath158b	3	2	10	1.5773
G8	N.A.	mix17AA	N.A.	4	N.A.	10	0.0911
G9	scrambled_miRNA	mix17AA	ath5642b	4	2	10	1.4997
G10	plant_miRNA	mix17AA	aof159	5	2	10	1.5564
G11	scrambled_miRNA	mix17AA	ath827	5	2	10	1.5461
B2	scrambled_miRNA	mix17AA	aof159	1	2	11	1.7821
B3	plant_miRNA	mix17AA	ath5642b	1	2	11	1.7655
B4	N.A.	mix17AA	N.A.	2	N.A.	11	0.0849
B5	plant_miRNA	mix17AA	ath158a3p	2	2	11	1.7521
B6	plant_miRNA	mix17AA	ath827	3	2	11	1.8033
B7	plant_miRNA	mix17AA	aof159	3	2	11	1.7712
B8	scrambled_miRNA	mix17AA	ath158a3p	4	2	11	1.7216
B9	scrambled_miRNA	mix17AA	ath827	4	2	11	1.6965
B10	scrambled_miRNA	mix17AA	ath5642b	5	2	11	1.7292
B11	plant_miRNA	mix17AA	ath158b	5	2	11	1.7314
C2	plant_miRNA	mix17AA	aof159	1	2	11	1.7996
C3	scrambled_miRNA	mix17AA	ath5642b	1	2	11	1.763
C4	N.A.	mix17AA	N.A.	2	N.A.	11	0.0905
C5	scrambled_miRNA	mix17AA	ath158a3p	2	2	11	1.7207
C6	scrambled_miRNA	mix17AA	ath827	3	2	11	1.7411
C7	scrambled_miRNA	mix17AA	aof159	3	2	11	1.72
C8	plant_miRNA	mix17AA	ath158a3p	4	2	11	1.6938
C9	plant_miRNA	mix17AA	ath827	4	2	11	1.7084
C10	plant_miRNA	mix17AA	ath5642b	5	2	11	1.7096
C11	scrambled_miRNA	mix17AA	ath158b	5	2	11	1.729
D2	scrambled_miRNA	mix17AA	ath158a3p	1	2	11	1.7718
D3	plant_miRNA	mix17AA	ath158b	1	2	11	1.7588
D4	scrambled_miRNA	mix17AA	ath5642b	2	2	11	1.7214
D5	plant_miRNA	mix17AA	ath827	2	2	11	1.7495
D6	N.A.	mix17AA	N.A.	3	N.A.	11	0.0906
D7	plant_miRNA	mix17AA	ath5642b	3	2	11	1.7195
D8	plant_miRNA	mix17AA	aof159	4	2	11	1.7121
D9	scrambled_miRNA	mix17AA	ath158b	4	2	11	1.6867
D10	plant_miRNA	mix17AA	ath158a3p	5	2	11	1.7221
D11	N.A.	mix17AA	N.A.	5	N.A.	11	0.087
E2	plant_miRNA	mix17AA	ath158a3p	1	2	11	1.7764
E3	scrambled_miRNA	mix17AA	ath158b	1	2	11	1.7703
E4	plant_miRNA	mix17AA	ath5642b	2	2	11	1.7199
E5	scrambled_miRNA	mix17AA	ath827	2	2	11	1.7303
E6	N.A.	mix17AA	N.A.	3	N.A.	11	0.0887
E7	scrambled_miRNA	mix17AA	ath5642b	3	2	11	1.7275
E8	scrambled_miRNA	mix17AA	aof159	4	2	11	1.7081
E9	plant_miRNA	mix17AA	ath158b	4	2	11	1.7282
E10	scrambled_miRNA	mix17AA	ath158a3p	5	2	11	1.7017
E11	N.A.	mix17AA	N.A.	5	N.A.	11	0.0865
F2	scrambled_miRNA	mix17AA	ath827	1	2	11	1.7766
F3	N.A.	mix17AA	N.A.	1	N.A.	11	0.0958
F4	plant_miRNA	mix17AA	aof159	2	2	11	1.7699
F5	scrambled_miRNA	mix17AA	ath158b	2	2	11	1.6981
F6	scrambled_miRNA	mix17AA	ath158a3p	3	2	11	1.7323
F7	plant_miRNA	mix17AA	ath158b	3	2	11	1.7233
F8	N.A.	mix17AA	N.A.	4	N.A.	11	0.0996
F9	plant_miRNA	mix17AA	ath5642b	4	2	11	1.6636
F10	scrambled_miRNA	mix17AA	aof159	5	2	11	1.6741
F11	plant_miRNA	mix17AA	ath827	5	2	11	1.7436
G2	plant_miRNA	mix17AA	ath827	1	2	11	1.7788
G3	N.A.	mix17AA	N.A.	1	N.A.	11	0.1533
G4	scrambled_miRNA	mix17AA	aof159	2	2	11	1.734
G5	plant_miRNA	mix17AA	ath158b	2	2	11	1.742
G6	plant_miRNA	mix17AA	ath158a3p	3	2	11	1.7284
G7	scrambled_miRNA	mix17AA	ath158b	3	2	11	1.7303
G8	N.A.	mix17AA	N.A.	4	N.A.	11	0.0858
G9	scrambled_miRNA	mix17AA	ath5642b	4	2	11	1.6673
G10	plant_miRNA	mix17AA	aof159	5	2	11	1.733
G11	scrambled_miRNA	mix17AA	ath827	5	2	11	1.7402
B2	scrambled_miRNA	mix17AA	aof159	1	2	12	1.8875
B3	plant_miRNA	mix17AA	ath5642b	1	2	12	1.8597
B4	N.A.	mix17AA	N.A.	2	N.A.	12	0.0847
B5	plant_miRNA	mix17AA	ath158a3p	2	2	12	1.8543
B6	plant_miRNA	mix17AA	ath827	3	2	12	1.8951
B7	plant_miRNA	mix17AA	aof159	3	2	12	1.8655
B8	scrambled_miRNA	mix17AA	ath158a3p	4	2	12	1.8307
B9	scrambled_miRNA	mix17AA	ath827	4	2	12	1.8126
B10	scrambled_miRNA	mix17AA	ath5642b	5	2	12	1.8479
B11	plant_miRNA	mix17AA	ath158b	5	2	12	1.8503
C2	plant_miRNA	mix17AA	aof159	1	2	12	1.907
C3	scrambled_miRNA	mix17AA	ath5642b	1	2	12	1.8579
C4	N.A.	mix17AA	N.A.	2	N.A.	12	0.0895
C5	scrambled_miRNA	mix17AA	ath158a3p	2	2	12	1.8202
C6	scrambled_miRNA	mix17AA	ath827	3	2	12	1.84
C7	scrambled_miRNA	mix17AA	aof159	3	2	12	1.8196
C8	plant_miRNA	mix17AA	ath158a3p	4	2	12	1.8021
C9	plant_miRNA	mix17AA	ath827	4	2	12	1.8213
C10	plant_miRNA	mix17AA	ath5642b	5	2	12	1.8161
C11	scrambled_miRNA	mix17AA	ath158b	5	2	12	1.8418
D2	scrambled_miRNA	mix17AA	ath158a3p	1	2	12	1.8633
D3	plant_miRNA	mix17AA	ath158b	1	2	12	1.8541
D4	scrambled_miRNA	mix17AA	ath5642b	2	2	12	1.8216
D5	plant_miRNA	mix17AA	ath827	2	2	12	1.8406
D6	N.A.	mix17AA	N.A.	3	N.A.	12	0.1049
D7	plant_miRNA	mix17AA	ath5642b	3	2	12	1.816
D8	plant_miRNA	mix17AA	aof159	4	2	12	1.8074
D9	scrambled_miRNA	mix17AA	ath158b	4	2	12	1.8023
D10	plant_miRNA	mix17AA	ath158a3p	5	2	12	1.8296
D11	N.A.	mix17AA	N.A.	5	N.A.	12	0.0868
E2	plant_miRNA	mix17AA	ath158a3p	1	2	12	1.8782
E3	scrambled_miRNA	mix17AA	ath158b	1	2	12	1.8666
E4	plant_miRNA	mix17AA	ath5642b	2	2	12	1.8147
E5	scrambled_miRNA	mix17AA	ath827	2	2	12	1.8259
E6	N.A.	mix17AA	N.A.	3	N.A.	12	0.0859
E7	scrambled_miRNA	mix17AA	ath5642b	3	2	12	1.8267
E8	scrambled_miRNA	mix17AA	aof159	4	2	12	1.8141
E9	plant_miRNA	mix17AA	ath158b	4	2	12	1.8422
E10	scrambled_miRNA	mix17AA	ath158a3p	5	2	12	1.8174
E11	N.A.	mix17AA	N.A.	5	N.A.	12	0.0862
F2	scrambled_miRNA	mix17AA	ath827	1	2	12	1.878
F3	N.A.	mix17AA	N.A.	1	N.A.	12	0.0918
F4	plant_miRNA	mix17AA	aof159	2	2	12	1.87
F5	scrambled_miRNA	mix17AA	ath158b	2	2	12	1.79
F6	scrambled_miRNA	mix17AA	ath158a3p	3	2	12	1.8151
F7	plant_miRNA	mix17AA	ath158b	3	2	12	1.8183
F8	N.A.	mix17AA	N.A.	4	N.A.	12	0.1035
F9	plant_miRNA	mix17AA	ath5642b	4	2	12	1.7758
F10	scrambled_miRNA	mix17AA	aof159	5	2	12	1.7834
F11	plant_miRNA	mix17AA	ath827	5	2	12	1.8582
G2	plant_miRNA	mix17AA	ath827	1	2	12	1.8982
G3	N.A.	mix17AA	N.A.	1	N.A.	12	0.1445
G4	scrambled_miRNA	mix17AA	aof159	2	2	12	1.8315
G5	plant_miRNA	mix17AA	ath158b	2	2	12	1.8458
G6	plant_miRNA	mix17AA	ath158a3p	3	2	12	1.8187
G7	scrambled_miRNA	mix17AA	ath158b	3	2	12	1.8313
G8	N.A.	mix17AA	N.A.	4	N.A.	12	0.0938
G9	scrambled_miRNA	mix17AA	ath5642b	4	2	12	1.7776
G10	plant_miRNA	mix17AA	aof159	5	2	12	1.8261
G11	scrambled_miRNA	mix17AA	ath827	5	2	12	1.8416
B2	scrambled_miRNA	mix17AA	aof159	1	2	13	1.9556
B3	plant_miRNA	mix17AA	ath5642b	1	2	13	1.9314
B4	N.A.	mix17AA	N.A.	2	N.A.	13	0.0847
B5	plant_miRNA	mix17AA	ath158a3p	2	2	13	1.9224
B6	plant_miRNA	mix17AA	ath827	3	2	13	1.9643
B7	plant_miRNA	mix17AA	aof159	3	2	13	1.9315
B8	scrambled_miRNA	mix17AA	ath158a3p	4	2	13	1.9063
B9	scrambled_miRNA	mix17AA	ath827	4	2	13	1.8915
B10	scrambled_miRNA	mix17AA	ath5642b	5	2	13	1.9278
B11	plant_miRNA	mix17AA	ath158b	5	2	13	1.931
C2	plant_miRNA	mix17AA	aof159	1	2	13	1.9799
C3	scrambled_miRNA	mix17AA	ath5642b	1	2	13	1.9305
C4	N.A.	mix17AA	N.A.	2	N.A.	13	0.0891
C5	scrambled_miRNA	mix17AA	ath158a3p	2	2	13	1.8918
C6	scrambled_miRNA	mix17AA	ath827	3	2	13	1.907
C7	scrambled_miRNA	mix17AA	aof159	3	2	13	1.8891
C8	plant_miRNA	mix17AA	ath158a3p	4	2	13	1.8776
C9	plant_miRNA	mix17AA	ath827	4	2	13	1.8954
C10	plant_miRNA	mix17AA	ath5642b	5	2	13	1.8998
C11	scrambled_miRNA	mix17AA	ath158b	5	2	13	1.9305
D2	scrambled_miRNA	mix17AA	ath158a3p	1	2	13	1.9352
D3	plant_miRNA	mix17AA	ath158b	1	2	13	1.9263
D4	scrambled_miRNA	mix17AA	ath5642b	2	2	13	1.8824
D5	plant_miRNA	mix17AA	ath827	2	2	13	1.9015
D6	N.A.	mix17AA	N.A.	3	N.A.	13	0.0965
D7	plant_miRNA	mix17AA	ath5642b	3	2	13	1.8813
D8	plant_miRNA	mix17AA	aof159	4	2	13	1.8795
D9	scrambled_miRNA	mix17AA	ath158b	4	2	13	1.8803
D10	plant_miRNA	mix17AA	ath158a3p	5	2	13	1.9113
D11	N.A.	mix17AA	N.A.	5	N.A.	13	0.0869
E2	plant_miRNA	mix17AA	ath158a3p	1	2	13	1.9469
E3	scrambled_miRNA	mix17AA	ath158b	1	2	13	1.9346
E4	plant_miRNA	mix17AA	ath5642b	2	2	13	1.8842
E5	scrambled_miRNA	mix17AA	ath827	2	2	13	1.8974
E6	N.A.	mix17AA	N.A.	3	N.A.	13	0.0879
E7	scrambled_miRNA	mix17AA	ath5642b	3	2	13	1.8918
E8	scrambled_miRNA	mix17AA	aof159	4	2	13	1.8885
E9	plant_miRNA	mix17AA	ath158b	4	2	13	1.9179
E10	scrambled_miRNA	mix17AA	ath158a3p	5	2	13	1.8977
E11	N.A.	mix17AA	N.A.	5	N.A.	13	0.0865
F2	scrambled_miRNA	mix17AA	ath827	1	2	13	1.9464
F3	N.A.	mix17AA	N.A.	1	N.A.	13	0.102
F4	plant_miRNA	mix17AA	aof159	2	2	13	1.9253
F5	scrambled_miRNA	mix17AA	ath158b	2	2	13	1.8574
F6	scrambled_miRNA	mix17AA	ath158a3p	3	2	13	1.8743
F7	plant_miRNA	mix17AA	ath158b	3	2	13	1.8823
F8	N.A.	mix17AA	N.A.	4	N.A.	13	0.1034
F9	plant_miRNA	mix17AA	ath5642b	4	2	13	1.8482
F10	scrambled_miRNA	mix17AA	aof159	5	2	13	1.8571
F11	plant_miRNA	mix17AA	ath827	5	2	13	1.9389
G2	plant_miRNA	mix17AA	ath827	1	2	13	1.9713
G3	N.A.	mix17AA	N.A.	1	N.A.	13	0.1398
G4	scrambled_miRNA	mix17AA	aof159	2	2	13	1.8908
G5	plant_miRNA	mix17AA	ath158b	2	2	13	1.9076
G6	plant_miRNA	mix17AA	ath158a3p	3	2	13	1.8828
G7	scrambled_miRNA	mix17AA	ath158b	3	2	13	1.896
G8	N.A.	mix17AA	N.A.	4	N.A.	13	0.0867
G9	scrambled_miRNA	mix17AA	ath5642b	4	2	13	1.8503
G10	plant_miRNA	mix17AA	aof159	5	2	13	1.9216
G11	scrambled_miRNA	mix17AA	ath827	5	2	13	1.9303
B2	scrambled_miRNA	mix17AA	aof159	1	2	14	2.0074
B3	plant_miRNA	mix17AA	ath5642b	1	2	14	1.9846
B4	N.A.	mix17AA	N.A.	2	N.A.	14	0.0861
B5	plant_miRNA	mix17AA	ath158a3p	2	2	14	1.9705
B6	plant_miRNA	mix17AA	ath827	3	2	14	2.0172
B7	plant_miRNA	mix17AA	aof159	3	2	14	1.9794
B8	scrambled_miRNA	mix17AA	ath158a3p	4	2	14	1.962
B9	scrambled_miRNA	mix17AA	ath827	4	2	14	1.9491
B10	scrambled_miRNA	mix17AA	ath5642b	5	2	14	1.9824
B11	plant_miRNA	mix17AA	ath158b	5	2	14	1.9913
C2	plant_miRNA	mix17AA	aof159	1	2	14	2.0262
C3	scrambled_miRNA	mix17AA	ath5642b	1	2	14	1.9832
C4	N.A.	mix17AA	N.A.	2	N.A.	14	0.0891
C5	scrambled_miRNA	mix17AA	ath158a3p	2	2	14	1.939
C6	scrambled_miRNA	mix17AA	ath827	3	2	14	1.9565
C7	scrambled_miRNA	mix17AA	aof159	3	2	14	1.9378
C8	plant_miRNA	mix17AA	ath158a3p	4	2	14	1.9364
C9	plant_miRNA	mix17AA	ath827	4	2	14	1.9535
C10	plant_miRNA	mix17AA	ath5642b	5	2	14	1.9575
C11	scrambled_miRNA	mix17AA	ath158b	5	2	14	1.9868
D2	scrambled_miRNA	mix17AA	ath158a3p	1	2	14	1.9859
D3	plant_miRNA	mix17AA	ath158b	1	2	14	1.9741
D4	scrambled_miRNA	mix17AA	ath5642b	2	2	14	1.9283
D5	plant_miRNA	mix17AA	ath827	2	2	14	1.9462
D6	N.A.	mix17AA	N.A.	3	N.A.	14	0.0923
D7	plant_miRNA	mix17AA	ath5642b	3	2	14	1.9303
D8	plant_miRNA	mix17AA	aof159	4	2	14	1.9297
D9	scrambled_miRNA	mix17AA	ath158b	4	2	14	1.939
D10	plant_miRNA	mix17AA	ath158a3p	5	2	14	1.9681
D11	N.A.	mix17AA	N.A.	5	N.A.	14	0.0866
E2	plant_miRNA	mix17AA	ath158a3p	1	2	14	1.9939
E3	scrambled_miRNA	mix17AA	ath158b	1	2	14	1.9806
E4	plant_miRNA	mix17AA	ath5642b	2	2	14	1.9281
E5	scrambled_miRNA	mix17AA	ath827	2	2	14	1.9409
E6	N.A.	mix17AA	N.A.	3	N.A.	14	0.0866
E7	scrambled_miRNA	mix17AA	ath5642b	3	2	14	1.9372
E8	scrambled_miRNA	mix17AA	aof159	4	2	14	1.9411
E9	plant_miRNA	mix17AA	ath158b	4	2	14	1.9695
E10	scrambled_miRNA	mix17AA	ath158a3p	5	2	14	1.9499
E11	N.A.	mix17AA	N.A.	5	N.A.	14	0.0861
F2	scrambled_miRNA	mix17AA	ath827	1	2	14	1.9863
F3	N.A.	mix17AA	N.A.	1	N.A.	14	0.0866
F4	plant_miRNA	mix17AA	aof159	2	2	14	1.9634
F5	scrambled_miRNA	mix17AA	ath158b	2	2	14	1.9022
F6	scrambled_miRNA	mix17AA	ath158a3p	3	2	14	1.917
F7	plant_miRNA	mix17AA	ath158b	3	2	14	1.9301
F8	N.A.	mix17AA	N.A.	4	N.A.	14	0.1043
F9	plant_miRNA	mix17AA	ath5642b	4	2	14	1.9016
F10	scrambled_miRNA	mix17AA	aof159	5	2	14	1.9112
F11	plant_miRNA	mix17AA	ath827	5	2	14	1.9969
G2	plant_miRNA	mix17AA	ath827	1	2	14	2.0164
G3	N.A.	mix17AA	N.A.	1	N.A.	14	0.1615
G4	scrambled_miRNA	mix17AA	aof159	2	2	14	1.9328
G5	plant_miRNA	mix17AA	ath158b	2	2	14	1.9512
G6	plant_miRNA	mix17AA	ath158a3p	3	2	14	1.9289
G7	scrambled_miRNA	mix17AA	ath158b	3	2	14	1.9374
G8	N.A.	mix17AA	N.A.	4	N.A.	14	0.0877
G9	scrambled_miRNA	mix17AA	ath5642b	4	2	14	1.9077
G10	plant_miRNA	mix17AA	aof159	5	2	14	1.9755
G11	scrambled_miRNA	mix17AA	ath827	5	2	14	1.9976
B2	scrambled_miRNA	mix17AA	aof159	1	2	15	2.0465
B3	plant_miRNA	mix17AA	ath5642b	1	2	15	2.0249
B4	N.A.	mix17AA	N.A.	2	N.A.	15	0.0847
B5	plant_miRNA	mix17AA	ath158a3p	2	2	15	2.0045
B6	plant_miRNA	mix17AA	ath827	3	2	15	2.0523
B7	plant_miRNA	mix17AA	aof159	3	2	15	2.0128
B8	scrambled_miRNA	mix17AA	ath158a3p	4	2	15	2.0034
B9	scrambled_miRNA	mix17AA	ath827	4	2	15	1.9931
B10	scrambled_miRNA	mix17AA	ath5642b	5	2	15	2.0258
B11	plant_miRNA	mix17AA	ath158b	5	2	15	2.0386
C2	plant_miRNA	mix17AA	aof159	1	2	15	2.0599
C3	scrambled_miRNA	mix17AA	ath5642b	1	2	15	2.0152
C4	N.A.	mix17AA	N.A.	2	N.A.	15	0.089
C5	scrambled_miRNA	mix17AA	ath158a3p	2	2	15	1.9709
C6	scrambled_miRNA	mix17AA	ath827	3	2	15	1.9897
C7	scrambled_miRNA	mix17AA	aof159	3	2	15	1.9696
C8	plant_miRNA	mix17AA	ath158a3p	4	2	15	1.9796
C9	plant_miRNA	mix17AA	ath827	4	2	15	1.9947
C10	plant_miRNA	mix17AA	ath5642b	5	2	15	1.9977
C11	scrambled_miRNA	mix17AA	ath158b	5	2	15	2.0262
D2	scrambled_miRNA	mix17AA	ath158a3p	1	2	15	2.018
D3	plant_miRNA	mix17AA	ath158b	1	2	15	1.9989
D4	scrambled_miRNA	mix17AA	ath5642b	2	2	15	1.9513
D5	plant_miRNA	mix17AA	ath827	2	2	15	1.9748
D6	N.A.	mix17AA	N.A.	3	N.A.	15	0.0916
D7	plant_miRNA	mix17AA	ath5642b	3	2	15	1.9616
D8	plant_miRNA	mix17AA	aof159	4	2	15	1.9649
D9	scrambled_miRNA	mix17AA	ath158b	4	2	15	1.9704
D10	plant_miRNA	mix17AA	ath158a3p	5	2	15	2.0073
D11	N.A.	mix17AA	N.A.	5	N.A.	15	0.0869
E2	plant_miRNA	mix17AA	ath158a3p	1	2	15	2.0192
E3	scrambled_miRNA	mix17AA	ath158b	1	2	15	2.0076
E4	plant_miRNA	mix17AA	ath5642b	2	2	15	1.9572
E5	scrambled_miRNA	mix17AA	ath827	2	2	15	1.9662
E6	N.A.	mix17AA	N.A.	3	N.A.	15	0.094
E7	scrambled_miRNA	mix17AA	ath5642b	3	2	15	1.9669
E8	scrambled_miRNA	mix17AA	aof159	4	2	15	1.9801
E9	plant_miRNA	mix17AA	ath158b	4	2	15	2.0081
E10	scrambled_miRNA	mix17AA	ath158a3p	5	2	15	1.9889
E11	N.A.	mix17AA	N.A.	5	N.A.	15	0.0877
F2	scrambled_miRNA	mix17AA	ath827	1	2	15	2.0173
F3	N.A.	mix17AA	N.A.	1	N.A.	15	0.0948
F4	plant_miRNA	mix17AA	aof159	2	2	15	1.9865
F5	scrambled_miRNA	mix17AA	ath158b	2	2	15	1.9309
F6	scrambled_miRNA	mix17AA	ath158a3p	3	2	15	1.9485
F7	plant_miRNA	mix17AA	ath158b	3	2	15	1.9605
F8	N.A.	mix17AA	N.A.	4	N.A.	15	0.1039
F9	plant_miRNA	mix17AA	ath5642b	4	2	15	1.9409
F10	scrambled_miRNA	mix17AA	aof159	5	2	15	1.9512
F11	plant_miRNA	mix17AA	ath827	5	2	15	2.0323
G2	plant_miRNA	mix17AA	ath827	1	2	15	2.0432
G3	N.A.	mix17AA	N.A.	1	N.A.	15	0.1438
G4	scrambled_miRNA	mix17AA	aof159	2	2	15	1.9629
G5	plant_miRNA	mix17AA	ath158b	2	2	15	1.9821
G6	plant_miRNA	mix17AA	ath158a3p	3	2	15	1.9596
G7	scrambled_miRNA	mix17AA	ath158b	3	2	15	1.9677
G8	N.A.	mix17AA	N.A.	4	N.A.	15	0.0963
G9	scrambled_miRNA	mix17AA	ath5642b	4	2	15	1.9482
G10	plant_miRNA	mix17AA	aof159	5	2	15	2.0115
G11	scrambled_miRNA	mix17AA	ath827	5	2	15	2.0335
B2	scrambled_miRNA	mix17AA	aof159	1	2	16	2.0629
B3	plant_miRNA	mix17AA	ath5642b	1	2	16	2.0477
B4	N.A.	mix17AA	N.A.	2	N.A.	16	0.0849
B5	plant_miRNA	mix17AA	ath158a3p	2	2	16	2.0363
B6	plant_miRNA	mix17AA	ath827	3	2	16	2.0799
B7	plant_miRNA	mix17AA	aof159	3	2	16	2.0403
B8	scrambled_miRNA	mix17AA	ath158a3p	4	2	16	2.0391
B9	scrambled_miRNA	mix17AA	ath827	4	2	16	2.0284
B10	scrambled_miRNA	mix17AA	ath5642b	5	2	16	2.0573
B11	plant_miRNA	mix17AA	ath158b	5	2	16	2.0731
C2	plant_miRNA	mix17AA	aof159	1	2	16	2.0885
C3	scrambled_miRNA	mix17AA	ath5642b	1	2	16	2.0364
C4	N.A.	mix17AA	N.A.	2	N.A.	16	0.0911
C5	scrambled_miRNA	mix17AA	ath158a3p	2	2	16	1.9985
C6	scrambled_miRNA	mix17AA	ath827	3	2	16	2.0188
C7	scrambled_miRNA	mix17AA	aof159	3	2	16	1.9982
C8	plant_miRNA	mix17AA	ath158a3p	4	2	16	2.012
C9	plant_miRNA	mix17AA	ath827	4	2	16	2.0277
C10	plant_miRNA	mix17AA	ath5642b	5	2	16	2.0295
C11	scrambled_miRNA	mix17AA	ath158b	5	2	16	2.0533
D2	scrambled_miRNA	mix17AA	ath158a3p	1	2	16	2.043
D3	plant_miRNA	mix17AA	ath158b	1	2	16	2.0262
D4	scrambled_miRNA	mix17AA	ath5642b	2	2	16	1.9789
D5	plant_miRNA	mix17AA	ath827	2	2	16	1.9971
D6	N.A.	mix17AA	N.A.	3	N.A.	16	0.0902
D7	plant_miRNA	mix17AA	ath5642b	3	2	16	1.989
D8	plant_miRNA	mix17AA	aof159	4	2	16	1.9912
D9	scrambled_miRNA	mix17AA	ath158b	4	2	16	2.0007
D10	plant_miRNA	mix17AA	ath158a3p	5	2	16	2.032
D11	N.A.	mix17AA	N.A.	5	N.A.	16	0.0872
E2	plant_miRNA	mix17AA	ath158a3p	1	2	16	2.0525
E3	scrambled_miRNA	mix17AA	ath158b	1	2	16	2.0315
E4	plant_miRNA	mix17AA	ath5642b	2	2	16	1.9854
E5	scrambled_miRNA	mix17AA	ath827	2	2	16	1.9922
E6	N.A.	mix17AA	N.A.	3	N.A.	16	0.0911
E7	scrambled_miRNA	mix17AA	ath5642b	3	2	16	1.9899
E8	scrambled_miRNA	mix17AA	aof159	4	2	16	2.0055
E9	plant_miRNA	mix17AA	ath158b	4	2	16	2.0357
E10	scrambled_miRNA	mix17AA	ath158a3p	5	2	16	2.0139
E11	N.A.	mix17AA	N.A.	5	N.A.	16	0.0863
F2	scrambled_miRNA	mix17AA	ath827	1	2	16	2.0388
F3	N.A.	mix17AA	N.A.	1	N.A.	16	0.1002
F4	plant_miRNA	mix17AA	aof159	2	2	16	2.0056
F5	scrambled_miRNA	mix17AA	ath158b	2	2	16	1.9561
F6	scrambled_miRNA	mix17AA	ath158a3p	3	2	16	1.9695
F7	plant_miRNA	mix17AA	ath158b	3	2	16	1.9859
F8	N.A.	mix17AA	N.A.	4	N.A.	16	0.0967
F9	plant_miRNA	mix17AA	ath5642b	4	2	16	1.9717
F10	scrambled_miRNA	mix17AA	aof159	5	2	16	1.9805
F11	plant_miRNA	mix17AA	ath827	5	2	16	2.0546
G2	plant_miRNA	mix17AA	ath827	1	2	16	2.0633
G3	N.A.	mix17AA	N.A.	1	N.A.	16	0.1664
G4	scrambled_miRNA	mix17AA	aof159	2	2	16	1.9861
G5	plant_miRNA	mix17AA	ath158b	2	2	16	2.0088
G6	plant_miRNA	mix17AA	ath158a3p	3	2	16	1.9858
G7	scrambled_miRNA	mix17AA	ath158b	3	2	16	1.9921
G8	N.A.	mix17AA	N.A.	4	N.A.	16	0.09
G9	scrambled_miRNA	mix17AA	ath5642b	4	2	16	1.9763
G10	plant_miRNA	mix17AA	aof159	5	2	16	2.0345
G11	scrambled_miRNA	mix17AA	ath827	5	2	16	2.0528
B2	scrambled_miRNA	mix17AA	aof159	1	2	17	2.0835
B3	plant_miRNA	mix17AA	ath5642b	1	2	17	2.0644
B4	N.A.	mix17AA	N.A.	2	N.A.	17	0.0851
B5	plant_miRNA	mix17AA	ath158a3p	2	2	17	2.0492
B6	plant_miRNA	mix17AA	ath827	3	2	17	2.0945
B7	plant_miRNA	mix17AA	aof159	3	2	17	2.0561
B8	scrambled_miRNA	mix17AA	ath158a3p	4	2	17	2.0603
B9	scrambled_miRNA	mix17AA	ath827	4	2	17	2.0507
B10	scrambled_miRNA	mix17AA	ath5642b	5	2	17	2.077
B11	plant_miRNA	mix17AA	ath158b	5	2	17	2.0912
C2	plant_miRNA	mix17AA	aof159	1	2	17	2.101
C3	scrambled_miRNA	mix17AA	ath5642b	1	2	17	2.0493
C4	N.A.	mix17AA	N.A.	2	N.A.	17	0.0884
C5	scrambled_miRNA	mix17AA	ath158a3p	2	2	17	2.0176
C6	scrambled_miRNA	mix17AA	ath827	3	2	17	2.0392
C7	scrambled_miRNA	mix17AA	aof159	3	2	17	2.0214
C8	plant_miRNA	mix17AA	ath158a3p	4	2	17	2.0364
C9	plant_miRNA	mix17AA	ath827	4	2	17	2.0522
C10	plant_miRNA	mix17AA	ath5642b	5	2	17	2.0533
C11	scrambled_miRNA	mix17AA	ath158b	5	2	17	2.0705
D2	scrambled_miRNA	mix17AA	ath158a3p	1	2	17	2.0567
D3	plant_miRNA	mix17AA	ath158b	1	2	17	2.0425
D4	scrambled_miRNA	mix17AA	ath5642b	2	2	17	1.9937
D5	plant_miRNA	mix17AA	ath827	2	2	17	2.0145
D6	N.A.	mix17AA	N.A.	3	N.A.	17	0.1091
D7	plant_miRNA	mix17AA	ath5642b	3	2	17	2.0081
D8	plant_miRNA	mix17AA	aof159	4	2	17	2.0152
D9	scrambled_miRNA	mix17AA	ath158b	4	2	17	2.0242
D10	plant_miRNA	mix17AA	ath158a3p	5	2	17	2.0506
D11	N.A.	mix17AA	N.A.	5	N.A.	17	0.087
E2	plant_miRNA	mix17AA	ath158a3p	1	2	17	2.0654
E3	scrambled_miRNA	mix17AA	ath158b	1	2	17	2.0517
E4	plant_miRNA	mix17AA	ath5642b	2	2	17	2.002
E5	scrambled_miRNA	mix17AA	ath827	2	2	17	2.0071
E6	N.A.	mix17AA	N.A.	3	N.A.	17	0.0893
E7	scrambled_miRNA	mix17AA	ath5642b	3	2	17	2.0069
E8	scrambled_miRNA	mix17AA	aof159	4	2	17	2.0269
E9	plant_miRNA	mix17AA	ath158b	4	2	17	2.0604
E10	scrambled_miRNA	mix17AA	ath158a3p	5	2	17	2.0383
E11	N.A.	mix17AA	N.A.	5	N.A.	17	0.0884
F2	scrambled_miRNA	mix17AA	ath827	1	2	17	2.0511
F3	N.A.	mix17AA	N.A.	1	N.A.	17	0.1091
F4	plant_miRNA	mix17AA	aof159	2	2	17	2.0218
F5	scrambled_miRNA	mix17AA	ath158b	2	2	17	1.9748
F6	scrambled_miRNA	mix17AA	ath158a3p	3	2	17	1.9883
F7	plant_miRNA	mix17AA	ath158b	3	2	17	2.0079
F8	N.A.	mix17AA	N.A.	4	N.A.	17	0.1013
F9	plant_miRNA	mix17AA	ath5642b	4	2	17	1.9953
F10	scrambled_miRNA	mix17AA	aof159	5	2	17	2.0038
F11	plant_miRNA	mix17AA	ath827	5	2	17	2.0684
G2	plant_miRNA	mix17AA	ath827	1	2	17	2.0809
G3	N.A.	mix17AA	N.A.	1	N.A.	17	0.1508
G4	scrambled_miRNA	mix17AA	aof159	2	2	17	2.0008
G5	plant_miRNA	mix17AA	ath158b	2	2	17	2.0232
G6	plant_miRNA	mix17AA	ath158a3p	3	2	17	2.0029
G7	scrambled_miRNA	mix17AA	ath158b	3	2	17	2.0068
G8	N.A.	mix17AA	N.A.	4	N.A.	17	0.0937
G9	scrambled_miRNA	mix17AA	ath5642b	4	2	17	1.9992
G10	plant_miRNA	mix17AA	aof159	5	2	17	2.0476
G11	scrambled_miRNA	mix17AA	ath827	5	2	17	2.0718
B2	scrambled_miRNA	mix17AA	aof159	1	2	18	2.0981
B3	plant_miRNA	mix17AA	ath5642b	1	2	18	2.0768
B4	N.A.	mix17AA	N.A.	2	N.A.	18	0.0848
B5	plant_miRNA	mix17AA	ath158a3p	2	2	18	2.061
B6	plant_miRNA	mix17AA	ath827	3	2	18	2.1041
B7	plant_miRNA	mix17AA	aof159	3	2	18	2.0685
B8	scrambled_miRNA	mix17AA	ath158a3p	4	2	18	2.0715
B9	scrambled_miRNA	mix17AA	ath827	4	2	18	2.0648
B10	scrambled_miRNA	mix17AA	ath5642b	5	2	18	2.0908
B11	plant_miRNA	mix17AA	ath158b	5	2	18	2.11
C2	plant_miRNA	mix17AA	aof159	1	2	18	2.1086
C3	scrambled_miRNA	mix17AA	ath5642b	1	2	18	2.0636
C4	N.A.	mix17AA	N.A.	2	N.A.	18	0.0891
C5	scrambled_miRNA	mix17AA	ath158a3p	2	2	18	2.0343
C6	scrambled_miRNA	mix17AA	ath827	3	2	18	2.0514
C7	scrambled_miRNA	mix17AA	aof159	3	2	18	2.0349
C8	plant_miRNA	mix17AA	ath158a3p	4	2	18	2.0536
C9	plant_miRNA	mix17AA	ath827	4	2	18	2.0699
C10	plant_miRNA	mix17AA	ath5642b	5	2	18	2.0725
C11	scrambled_miRNA	mix17AA	ath158b	5	2	18	2.0812
D2	scrambled_miRNA	mix17AA	ath158a3p	1	2	18	2.0656
D3	plant_miRNA	mix17AA	ath158b	1	2	18	2.053
D4	scrambled_miRNA	mix17AA	ath5642b	2	2	18	2.0056
D5	plant_miRNA	mix17AA	ath827	2	2	18	2.023
D6	N.A.	mix17AA	N.A.	3	N.A.	18	0.094
D7	plant_miRNA	mix17AA	ath5642b	3	2	18	2.0232
D8	plant_miRNA	mix17AA	aof159	4	2	18	2.0308
D9	scrambled_miRNA	mix17AA	ath158b	4	2	18	2.042
D10	plant_miRNA	mix17AA	ath158a3p	5	2	18	2.064
D11	N.A.	mix17AA	N.A.	5	N.A.	18	0.0869
E2	plant_miRNA	mix17AA	ath158a3p	1	2	18	2.0742
E3	scrambled_miRNA	mix17AA	ath158b	1	2	18	2.0636
E4	plant_miRNA	mix17AA	ath5642b	2	2	18	2.0144
E5	scrambled_miRNA	mix17AA	ath827	2	2	18	2.016
E6	N.A.	mix17AA	N.A.	3	N.A.	18	0.0886
E7	scrambled_miRNA	mix17AA	ath5642b	3	2	18	2.0197
E8	scrambled_miRNA	mix17AA	aof159	4	2	18	2.0456
E9	plant_miRNA	mix17AA	ath158b	4	2	18	2.0753
E10	scrambled_miRNA	mix17AA	ath158a3p	5	2	18	2.0554
E11	N.A.	mix17AA	N.A.	5	N.A.	18	0.0863
F2	scrambled_miRNA	mix17AA	ath827	1	2	18	2.0602
F3	N.A.	mix17AA	N.A.	1	N.A.	18	0.0996
F4	plant_miRNA	mix17AA	aof159	2	2	18	2.0275
F5	scrambled_miRNA	mix17AA	ath158b	2	2	18	1.9903
F6	scrambled_miRNA	mix17AA	ath158a3p	3	2	18	2.0036
F7	plant_miRNA	mix17AA	ath158b	3	2	18	2.0213
F8	N.A.	mix17AA	N.A.	4	N.A.	18	0.1021
F9	plant_miRNA	mix17AA	ath5642b	4	2	18	2.0128
F10	scrambled_miRNA	mix17AA	aof159	5	2	18	2.0225
F11	plant_miRNA	mix17AA	ath827	5	2	18	2.0825
G2	plant_miRNA	mix17AA	ath827	1	2	18	2.0899
G3	N.A.	mix17AA	N.A.	1	N.A.	18	0.1487
G4	scrambled_miRNA	mix17AA	aof159	2	2	18	2.0099
G5	plant_miRNA	mix17AA	ath158b	2	2	18	2.036
G6	plant_miRNA	mix17AA	ath158a3p	3	2	18	2.0159
G7	scrambled_miRNA	mix17AA	ath158b	3	2	18	2.0183
G8	N.A.	mix17AA	N.A.	4	N.A.	18	0.087
G9	scrambled_miRNA	mix17AA	ath5642b	4	2	18	2.0121
G10	plant_miRNA	mix17AA	aof159	5	2	18	2.0548
G11	scrambled_miRNA	mix17AA	ath827	5	2	18	2.0864
B2	scrambled_miRNA	mix17AA	aof159	1	2	19	2.1065
B3	plant_miRNA	mix17AA	ath5642b	1	2	19	2.0863
B4	N.A.	mix17AA	N.A.	2	N.A.	19	0.0848
B5	plant_miRNA	mix17AA	ath158a3p	2	2	19	2.0671
B6	plant_miRNA	mix17AA	ath827	3	2	19	2.1169
B7	plant_miRNA	mix17AA	aof159	3	2	19	2.0772
B8	scrambled_miRNA	mix17AA	ath158a3p	4	2	19	2.0796
B9	scrambled_miRNA	mix17AA	ath827	4	2	19	2.0756
B10	scrambled_miRNA	mix17AA	ath5642b	5	2	19	2.0974
B11	plant_miRNA	mix17AA	ath158b	5	2	19	2.1212
C2	plant_miRNA	mix17AA	aof159	1	2	19	2.1167
C3	scrambled_miRNA	mix17AA	ath5642b	1	2	19	2.074
C4	N.A.	mix17AA	N.A.	2	N.A.	19	0.0886
C5	scrambled_miRNA	mix17AA	ath158a3p	2	2	19	2.0432
C6	scrambled_miRNA	mix17AA	ath827	3	2	19	2.065
C7	scrambled_miRNA	mix17AA	aof159	3	2	19	2.0463
C8	plant_miRNA	mix17AA	ath158a3p	4	2	19	2.0633
C9	plant_miRNA	mix17AA	ath827	4	2	19	2.0843
C10	plant_miRNA	mix17AA	ath5642b	5	2	19	2.0832
C11	scrambled_miRNA	mix17AA	ath158b	5	2	19	2.0933
D2	scrambled_miRNA	mix17AA	ath158a3p	1	2	19	2.0767
D3	plant_miRNA	mix17AA	ath158b	1	2	19	2.0637
D4	scrambled_miRNA	mix17AA	ath5642b	2	2	19	2.013
D5	plant_miRNA	mix17AA	ath827	2	2	19	2.0286
D6	N.A.	mix17AA	N.A.	3	N.A.	19	0.096
D7	plant_miRNA	mix17AA	ath5642b	3	2	19	2.0341
D8	plant_miRNA	mix17AA	aof159	4	2	19	2.0421
D9	scrambled_miRNA	mix17AA	ath158b	4	2	19	2.0548
D10	plant_miRNA	mix17AA	ath158a3p	5	2	19	2.0738
D11	N.A.	mix17AA	N.A.	5	N.A.	19	0.0871
E2	plant_miRNA	mix17AA	ath158a3p	1	2	19	2.0833
E3	scrambled_miRNA	mix17AA	ath158b	1	2	19	2.0748
E4	plant_miRNA	mix17AA	ath5642b	2	2	19	2.0228
E5	scrambled_miRNA	mix17AA	ath827	2	2	19	2.0265
E6	N.A.	mix17AA	N.A.	3	N.A.	19	0.0874
E7	scrambled_miRNA	mix17AA	ath5642b	3	2	19	2.0277
E8	scrambled_miRNA	mix17AA	aof159	4	2	19	2.0568
E9	plant_miRNA	mix17AA	ath158b	4	2	19	2.0836
E10	scrambled_miRNA	mix17AA	ath158a3p	5	2	19	2.0635
E11	N.A.	mix17AA	N.A.	5	N.A.	19	0.0897
F2	scrambled_miRNA	mix17AA	ath827	1	2	19	2.0658
F3	N.A.	mix17AA	N.A.	1	N.A.	19	0.1183
F4	plant_miRNA	mix17AA	aof159	2	2	19	2.0304
F5	scrambled_miRNA	mix17AA	ath158b	2	2	19	1.9982
F6	scrambled_miRNA	mix17AA	ath158a3p	3	2	19	2.0115
F7	plant_miRNA	mix17AA	ath158b	3	2	19	2.0305
F8	N.A.	mix17AA	N.A.	4	N.A.	19	0.105
F9	plant_miRNA	mix17AA	ath5642b	4	2	19	2.0258
F10	scrambled_miRNA	mix17AA	aof159	5	2	19	2.0325
F11	plant_miRNA	mix17AA	ath827	5	2	19	2.0833
G2	plant_miRNA	mix17AA	ath827	1	2	19	2.097
G3	N.A.	mix17AA	N.A.	1	N.A.	19	0.1447
G4	scrambled_miRNA	mix17AA	aof159	2	2	19	2.0176
G5	plant_miRNA	mix17AA	ath158b	2	2	19	2.0463
G6	plant_miRNA	mix17AA	ath158a3p	3	2	19	2.0237
G7	scrambled_miRNA	mix17AA	ath158b	3	2	19	2.0228
G8	N.A.	mix17AA	N.A.	4	N.A.	19	0.0858
G9	scrambled_miRNA	mix17AA	ath5642b	4	2	19	2.0258
G10	plant_miRNA	mix17AA	aof159	5	2	19	2.0613
G11	scrambled_miRNA	mix17AA	ath827	5	2	19	2.0934
B2	scrambled_miRNA	mix17AA	aof159	1	2	20	2.1252
B3	plant_miRNA	mix17AA	ath5642b	1	2	20	2.094
B4	N.A.	mix17AA	N.A.	2	N.A.	20	0.0847
B5	plant_miRNA	mix17AA	ath158a3p	2	2	20	2.0762
B6	plant_miRNA	mix17AA	ath827	3	2	20	2.1229
B7	plant_miRNA	mix17AA	aof159	3	2	20	2.0862
B8	scrambled_miRNA	mix17AA	ath158a3p	4	2	20	2.0926
B9	scrambled_miRNA	mix17AA	ath827	4	2	20	2.0866
B10	scrambled_miRNA	mix17AA	ath5642b	5	2	20	2.1018
B11	plant_miRNA	mix17AA	ath158b	5	2	20	2.1364
C2	plant_miRNA	mix17AA	aof159	1	2	20	2.1255
C3	scrambled_miRNA	mix17AA	ath5642b	1	2	20	2.0847
C4	N.A.	mix17AA	N.A.	2	N.A.	20	0.0878
C5	scrambled_miRNA	mix17AA	ath158a3p	2	2	20	2.0509
C6	scrambled_miRNA	mix17AA	ath827	3	2	20	2.0705
C7	scrambled_miRNA	mix17AA	aof159	3	2	20	2.0554
C8	plant_miRNA	mix17AA	ath158a3p	4	2	20	2.0758
C9	plant_miRNA	mix17AA	ath827	4	2	20	2.0946
C10	plant_miRNA	mix17AA	ath5642b	5	2	20	2.0871
C11	scrambled_miRNA	mix17AA	ath158b	5	2	20	2.0964
D2	scrambled_miRNA	mix17AA	ath158a3p	1	2	20	2.0838
D3	plant_miRNA	mix17AA	ath158b	1	2	20	2.0727
D4	scrambled_miRNA	mix17AA	ath5642b	2	2	20	2.0177
D5	plant_miRNA	mix17AA	ath827	2	2	20	2.0342
D6	N.A.	mix17AA	N.A.	3	N.A.	20	0.0936
D7	plant_miRNA	mix17AA	ath5642b	3	2	20	2.0438
D8	plant_miRNA	mix17AA	aof159	4	2	20	2.0524
D9	scrambled_miRNA	mix17AA	ath158b	4	2	20	2.0647
D10	plant_miRNA	mix17AA	ath158a3p	5	2	20	2.0838
D11	N.A.	mix17AA	N.A.	5	N.A.	20	0.087
E2	plant_miRNA	mix17AA	ath158a3p	1	2	20	2.0882
E3	scrambled_miRNA	mix17AA	ath158b	1	2	20	2.0816
E4	plant_miRNA	mix17AA	ath5642b	2	2	20	2.0311
E5	scrambled_miRNA	mix17AA	ath827	2	2	20	2.0299
E6	N.A.	mix17AA	N.A.	3	N.A.	20	0.0873
E7	scrambled_miRNA	mix17AA	ath5642b	3	2	20	2.0306
E8	scrambled_miRNA	mix17AA	aof159	4	2	20	2.0685
E9	plant_miRNA	mix17AA	ath158b	4	2	20	2.095
E10	scrambled_miRNA	mix17AA	ath158a3p	5	2	20	2.0739
E11	N.A.	mix17AA	N.A.	5	N.A.	20	0.0882
F2	scrambled_miRNA	mix17AA	ath827	1	2	20	2.0788
F3	N.A.	mix17AA	N.A.	1	N.A.	20	0.1103
F4	plant_miRNA	mix17AA	aof159	2	2	20	2.0356
F5	scrambled_miRNA	mix17AA	ath158b	2	2	20	2.005
F6	scrambled_miRNA	mix17AA	ath158a3p	3	2	20	2.0201
F7	plant_miRNA	mix17AA	ath158b	3	2	20	2.0398
F8	N.A.	mix17AA	N.A.	4	N.A.	20	0.1081
F9	plant_miRNA	mix17AA	ath5642b	4	2	20	2.0368
F10	scrambled_miRNA	mix17AA	aof159	5	2	20	2.0406
F11	plant_miRNA	mix17AA	ath827	5	2	20	2.0863
G2	plant_miRNA	mix17AA	ath827	1	2	20	2.1046
G3	N.A.	mix17AA	N.A.	1	N.A.	20	0.1409
G4	scrambled_miRNA	mix17AA	aof159	2	2	20	2.0248
G5	plant_miRNA	mix17AA	ath158b	2	2	20	2.055
G6	plant_miRNA	mix17AA	ath158a3p	3	2	20	2.0322
G7	scrambled_miRNA	mix17AA	ath158b	3	2	20	2.0298
G8	N.A.	mix17AA	N.A.	4	N.A.	20	0.086
G9	scrambled_miRNA	mix17AA	ath5642b	4	2	20	2.0341
G10	plant_miRNA	mix17AA	aof159	5	2	20	2.0703
G11	scrambled_miRNA	mix17AA	ath827	5	2	20	2.1007